{
  "version": "1.2",
  "doc_id_format": "HUF.<LANE>.<DOMAIN>.<TYPE>.<SLUG>",
  "lanes": [
    "DRAFT",
    "REL",
    "LEGACY"
  ],
  "domains": [
    "ORG",
    "LRN",
    "BOOK",
    "CASE",
    "PARTNER",
    "WIKI"
  ],
  "types": [
    "POLICY",
    "INDEX",
    "MODULE",
    "PRIMER",
    "EXHIBIT",
    "NOTE",
    "TEMPLATE",
    "TRACE",
    "CONTRACT"
  ],
  "artifact_codes": {
    "CM": "Coherence Map",
    "AS": "Active Set",
    "TR": "Trace Report",
    "EB": "Error Budget"
  },
  "evidence_levels": {
    "E0": "Narrative only",
    "E1": "Artifact evidence",
    "E2": "Reproducible run",
    "E3": "Empirical evaluation",
    "E4": "Formal proof"
  },
  "posture_codes": {
    "DEF": "Definitional",
    "OP": "Operational",
    "INT": "Interpretive",
    "THM": "Theorem/proof"
  },
  "status_values": [
    "draft",
    "reviewed",
    "release",
    "deprecated"
  ],
  "operator_control": {
    "hard_cap": {
      "op_min": 0.51,
      "tool_max": 0.49
    },
    "maturity_presets": {
      "beginner": {
        "op": 0.8,
        "tool": 0.2,
        "peer": 0.0
      },
      "standard_team": {
        "op": 0.65,
        "tool": 0.2,
        "peer": 0.15
      },
      "mature_experimental": {
        "op": 0.51,
        "tool": 0.49,
        "peer": 0.0
      }
    },
    "upgrade_requirements": [
      "At least 3 completed cycles with trace records",
      "No uncorrected silent drift in last 3 cycles",
      "Explicit operator declaration in governance log"
    ]
  },
  "issued_doc_ids": [
    "HUF.REL.ORG.NOTE.DOC_LIBRARY_SYSTEM",
    "HUF.REL.ORG.CONTRACT.OPERATOR_CONTROL",
    "HUF.REL.ORG.NOTE.VOLUME_PLAN",
    "HUF.REL.ORG.NOTE.CLAUDE_ONBOARDING",
    "HUF.REL.ORG.POLICY.DOC_GOVERNANCE",
    "HUF.REL.ORG.NOTE.AI_USE_STANDARD"
  ]
}