{
  "version": "1.0",
  "generated": "2026-03-01",
  "operator_control_contract": "HUF.REL.ORG.CONTRACT.OPERATOR_CONTROL",
  "documents": [
    {
      "doc_id": "HUF.REL.ORG.NOTE.DOC_LIBRARY_SYSTEM",
      "title": "HUF Document Coding + Library Management System (Overview)",
      "volume": 8,
      "status": "release",
      "lane": "REL",
      "huf_version": "1.2.0",
      "doc_version": "v1.0.0",
      "canonical_path": "01_SYSTEM_OVERVIEW.md",
      "codes": [
        "ORG",
        "LIBRARY",
        "GOVERNANCE"
      ],
      "artifacts": [
        "CM",
        "AS",
        "TR",
        "EB"
      ],
      "evidence": "E1",
      "posture": "OP",
      "weights": {
        "op": 0.8,
        "tool": 0.2,
        "peer": 0.0
      },
      "caps": {
        "op_min": 0.51,
        "tool_max": 0.49
      },
      "compliance": {
        "weights_declared": true,
        "caps_respected": true,
        "supersedes_chain_ok": true,
        "status": "compliant"
      },
      "supersedes": [],
      "superseded_by": null,
      "owner": "Peter Higgins",
      "contributors": [
        "Peter Higgins",
        "Claude",
        "ChatGPT",
        "Grok",
        "Gemini",
        "Copilot"
      ],
      "updated": "2026-03-01"
    },
    {
      "doc_id": "HUF.REL.ORG.CONTRACT.OPERATOR_CONTROL",
      "title": "HUF Operator Control Contract (51/49 Rule)",
      "volume": 8,
      "status": "release",
      "lane": "REL",
      "huf_version": "1.2.0",
      "doc_version": "v1.0.0",
      "canonical_path": "02_OPERATOR_CONTROL_CONTRACT.md",
      "codes": [
        "ORG",
        "GOVERNANCE",
        "SAFETY",
        "OPERATOR_CONTROL"
      ],
      "artifacts": [
        "CM",
        "AS",
        "TR",
        "EB"
      ],
      "evidence": "E1",
      "posture": "OP",
      "weights": {
        "op": 0.8,
        "tool": 0.2,
        "peer": 0.0
      },
      "caps": {
        "op_min": 0.51,
        "tool_max": 0.49
      },
      "compliance": {
        "weights_declared": true,
        "caps_respected": true,
        "supersedes_chain_ok": true,
        "status": "compliant"
      },
      "supersedes": [],
      "superseded_by": null,
      "owner": "Peter Higgins",
      "contributors": [
        "Peter Higgins",
        "Claude",
        "ChatGPT",
        "Grok",
        "Gemini",
        "Copilot"
      ],
      "updated": "2026-03-01"
    },
    {
      "doc_id": "HUF.REL.BOOK.NOTE.HANDBOOK_V120",
      "title": "HUF Comprehensive Handbook v1.2.0",
      "volume": 1,
      "status": "release",
      "lane": "REL",
      "huf_version": "1.2.0",
      "doc_version": "v1.2.0",
      "canonical_path": "HUF_Handbook_v1.2.0.docx",
      "codes": [
        "LRN",
        "HANDBOOK"
      ],
      "artifacts": [
        "CM",
        "AS",
        "TR",
        "EB"
      ],
      "evidence": "E1",
      "posture": "OP",
      "weights": {
        "op": 0.8,
        "tool": 0.2,
        "peer": 0.0
      },
      "caps": {
        "op_min": 0.51,
        "tool_max": 0.49
      },
      "compliance": {
        "weights_declared": true,
        "caps_respected": true,
        "supersedes_chain_ok": true,
        "status": "compliant"
      },
      "supersedes": [],
      "superseded_by": null,
      "owner": "Peter Higgins",
      "contributors": [
        "Peter Higgins",
        "Claude",
        "ChatGPT",
        "Grok",
        "Gemini",
        "Copilot"
      ],
      "updated": "2026-02-26"
    },
    {
      "doc_id": "HUF.REL.WIKI.NOTE.FOURTH_MONITORING_CATEGORY_EXPANDED",
      "title": "The Fourth Monitoring Category \u2014 Expanded (Epistemological Foundation)",
      "volume": 1,
      "status": "reviewed",
      "lane": "REL",
      "huf_version": "1.2.0",
      "doc_version": "v2.0",
      "canonical_path": "wiki_fourth_monitoring_category_expanded.md",
      "codes": [
        "WIKI",
        "MC4",
        "EPISTEMOLOGY"
      ],
      "artifacts": [
        "CM",
        "AS"
      ],
      "evidence": "E1",
      "posture": "INT",
      "weights": {
        "op": 0.8,
        "tool": 0.2,
        "peer": 0.0
      },
      "caps": {
        "op_min": 0.51,
        "tool_max": 0.49
      },
      "compliance": {
        "weights_declared": true,
        "caps_respected": true,
        "supersedes_chain_ok": true,
        "status": "compliant"
      },
      "supersedes": [],
      "superseded_by": null,
      "owner": "Peter Higgins",
      "contributors": [
        "Peter Higgins",
        "Claude",
        "ChatGPT",
        "Grok",
        "Gemini",
        "Copilot"
      ],
      "updated": "2026-02-26"
    },
    {
      "doc_id": "HUF.REL.BOOK.NOTE.GOVERNANCE_STATE_OBSERVER",
      "title": "HUF as a Self-Referential Non-Invasive Governance State Observer (Journal Paper Draft)",
      "volume": 1,
      "status": "draft",
      "lane": "DRAFT",
      "huf_version": "1.1.8",
      "doc_version": "v1.1.8",
      "canonical_path": "huf_governance_state_observer.docx",
      "codes": [
        "BOOK",
        "JAES",
        "JOURNAL",
        "MC4"
      ],
      "artifacts": [
        "CM",
        "AS",
        "TR",
        "EB"
      ],
      "evidence": "E1",
      "posture": "THM",
      "weights": {
        "op": 0.8,
        "tool": 0.2,
        "peer": 0.0
      },
      "caps": {
        "op_min": 0.51,
        "tool_max": 0.49
      },
      "compliance": {
        "weights_declared": true,
        "caps_respected": true,
        "supersedes_chain_ok": true,
        "status": "compliant"
      },
      "supersedes": [],
      "superseded_by": null,
      "owner": "Peter Higgins",
      "contributors": [
        "Peter Higgins",
        "Claude",
        "ChatGPT",
        "Grok",
        "Gemini",
        "Copilot"
      ],
      "updated": "2026-02-26"
    },
    {
      "doc_id": "HUF.REL.ORG.TRACE.DECISION_LOG_V12",
      "title": "HUF Operator Decision Log v1.2 (Current)",
      "volume": 2,
      "status": "release",
      "lane": "REL",
      "huf_version": "1.2.0",
      "doc_version": "v1.2",
      "canonical_path": "HUF_Operator_Decision_Log_v1_2.docx",
      "codes": [
        "ORG",
        "DECISIONS",
        "TRACE"
      ],
      "artifacts": [
        "TR"
      ],
      "evidence": "E1",
      "posture": "OP",
      "weights": {
        "op": 0.8,
        "tool": 0.2,
        "peer": 0.0
      },
      "caps": {
        "op_min": 0.51,
        "tool_max": 0.49
      },
      "compliance": {
        "weights_declared": true,
        "caps_respected": true,
        "supersedes_chain_ok": true,
        "status": "compliant"
      },
      "supersedes": [
        "HUF.LEGACY.ORG.TRACE.DECISION_LOG_V11"
      ],
      "superseded_by": null,
      "owner": "Peter Higgins",
      "contributors": [
        "Peter Higgins",
        "Claude",
        "ChatGPT",
        "Grok",
        "Gemini",
        "Copilot"
      ],
      "updated": "2026-02-28"
    },
    {
      "doc_id": "HUF.LEGACY.ORG.TRACE.DECISION_LOG_V11",
      "title": "HUF Operator Decision Log v1.1 (Superseded)",
      "volume": 8,
      "status": "deprecated",
      "lane": "LEGACY",
      "huf_version": "1.2.0",
      "doc_version": "v1.1",
      "canonical_path": "notes/legacy/HUF_Operator_Decision_Log_v1_1.docx",
      "codes": [
        "ORG",
        "DECISIONS",
        "TRACE"
      ],
      "artifacts": [
        "TR"
      ],
      "evidence": "E1",
      "posture": "OP",
      "weights": {
        "op": 0.8,
        "tool": 0.2,
        "peer": 0.0
      },
      "caps": {
        "op_min": 0.51,
        "tool_max": 0.49
      },
      "compliance": {
        "weights_declared": true,
        "caps_respected": true,
        "supersedes_chain_ok": true,
        "status": "compliant"
      },
      "supersedes": [],
      "superseded_by": "HUF.REL.ORG.TRACE.DECISION_LOG_V12",
      "owner": "Peter Higgins",
      "contributors": [
        "Peter Higgins",
        "Claude",
        "ChatGPT",
        "Grok",
        "Gemini",
        "Copilot"
      ],
      "updated": "2026-02-28"
    },
    {
      "doc_id": "HUF.REL.WIKI.INDEX.TAXONOMY_COMPLETE",
      "title": "HUF Taxonomy \u2014 Complete Reference (8 Layers)",
      "volume": 2,
      "status": "release",
      "lane": "REL",
      "huf_version": "1.2.0",
      "doc_version": "v1.0",
      "canonical_path": "wiki_huf_taxonomy_complete.md",
      "codes": [
        "WIKI",
        "TAXONOMY",
        "REFERENCE"
      ],
      "artifacts": [
        "CM",
        "AS",
        "TR",
        "EB"
      ],
      "evidence": "E1",
      "posture": "OP",
      "weights": {
        "op": 0.8,
        "tool": 0.2,
        "peer": 0.0
      },
      "caps": {
        "op_min": 0.51,
        "tool_max": 0.49
      },
      "compliance": {
        "weights_declared": true,
        "caps_respected": true,
        "supersedes_chain_ok": true,
        "status": "compliant"
      },
      "supersedes": [],
      "superseded_by": null,
      "owner": "Peter Higgins",
      "contributors": [
        "Peter Higgins",
        "Claude",
        "ChatGPT",
        "Grok",
        "Gemini",
        "Copilot"
      ],
      "updated": "2026-02-28"
    },
    {
      "doc_id": "HUF.REL.BOOK.INDEX.COMPLETE_REFERENCE_FEB2026",
      "title": "HUF Complete Reference February 2026 (19-Layer Taxonomy + Fourth Monitoring Category)",
      "volume": 2,
      "status": "release",
      "lane": "REL",
      "huf_version": "1.2.0",
      "doc_version": "v1.0",
      "canonical_path": "HUF_Complete_Reference_Feb2026.docx",
      "codes": [
        "BOOK",
        "REFERENCE",
        "TAXONOMY",
        "MC4"
      ],
      "artifacts": [
        "CM",
        "AS",
        "TR",
        "EB"
      ],
      "evidence": "E1",
      "posture": "OP",
      "weights": {
        "op": 0.8,
        "tool": 0.2,
        "peer": 0.0
      },
      "caps": {
        "op_min": 0.51,
        "tool_max": 0.49
      },
      "compliance": {
        "weights_declared": true,
        "caps_respected": true,
        "supersedes_chain_ok": true,
        "status": "compliant"
      },
      "supersedes": [],
      "superseded_by": null,
      "owner": "Peter Higgins",
      "contributors": [
        "Peter Higgins",
        "Claude",
        "ChatGPT",
        "Grok",
        "Gemini",
        "Copilot"
      ],
      "updated": "2026-02-28"
    },
    {
      "doc_id": "HUF.REL.ORG.NOTE.DIAGNOSTIC_JSX",
      "title": "HUF Compliance Diagnostic Tool (React UI \u2014 8-test interactive)",
      "volume": 3,
      "status": "reviewed",
      "lane": "REL",
      "huf_version": "1.2.0",
      "doc_version": "v1.0",
      "canonical_path": "huf code/huf_diagnostic.jsx",
      "codes": [
        "SOFTWARE",
        "TOOLS",
        "DIAGNOSTIC"
      ],
      "artifacts": [
        "CM",
        "AS",
        "TR",
        "EB"
      ],
      "evidence": "E2",
      "posture": "OP",
      "weights": {
        "op": 0.8,
        "tool": 0.2,
        "peer": 0.0
      },
      "caps": {
        "op_min": 0.51,
        "tool_max": 0.49
      },
      "compliance": {
        "weights_declared": true,
        "caps_respected": true,
        "supersedes_chain_ok": true,
        "status": "compliant"
      },
      "supersedes": [],
      "superseded_by": null,
      "owner": "Peter Higgins",
      "contributors": [
        "Peter Higgins",
        "Claude",
        "ChatGPT",
        "Grok",
        "Gemini",
        "Copilot"
      ],
      "updated": "2026-02-26"
    },
    {
      "doc_id": "HUF.REL.ORG.NOTE.TODO_JSX",
      "title": "HUF Project Task Tracker (React UI)",
      "volume": 3,
      "status": "reviewed",
      "lane": "REL",
      "huf_version": "1.2.0",
      "doc_version": "v1.0",
      "canonical_path": "huf code/huf_todo.jsx",
      "codes": [
        "SOFTWARE",
        "TOOLS",
        "PROJECT_MANAGEMENT"
      ],
      "artifacts": [],
      "evidence": "E2",
      "posture": "OP",
      "weights": {
        "op": 0.8,
        "tool": 0.2,
        "peer": 0.0
      },
      "caps": {
        "op_min": 0.51,
        "tool_max": 0.49
      },
      "compliance": {
        "weights_declared": true,
        "caps_respected": true,
        "supersedes_chain_ok": true,
        "status": "compliant"
      },
      "supersedes": [],
      "superseded_by": null,
      "owner": "Peter Higgins",
      "contributors": [
        "Peter Higgins",
        "Claude",
        "ChatGPT",
        "Grok",
        "Gemini",
        "Copilot"
      ],
      "updated": "2026-02-26"
    },
    {
      "doc_id": "HUF.REL.PARTNER.TRACE.RAMSAR_DEMO_V2",
      "title": "Ramsar HUF Demo Script v2 (Python \u2014 4 CSV artifact outputs)",
      "volume": 3,
      "status": "reviewed",
      "lane": "REL",
      "huf_version": "1.2.0",
      "doc_version": "v2.0",
      "canonical_path": "ramsar_huf_demo_v2.py",
      "codes": [
        "SOFTWARE",
        "RAMSAR",
        "DEMO"
      ],
      "artifacts": [
        "CM",
        "AS",
        "TR",
        "EB"
      ],
      "evidence": "E2",
      "posture": "OP",
      "weights": {
        "op": 0.8,
        "tool": 0.2,
        "peer": 0.0
      },
      "caps": {
        "op_min": 0.51,
        "tool_max": 0.49
      },
      "compliance": {
        "weights_declared": true,
        "caps_respected": true,
        "supersedes_chain_ok": true,
        "status": "compliant"
      },
      "supersedes": [],
      "superseded_by": null,
      "owner": "Peter Higgins",
      "contributors": [
        "Peter Higgins",
        "Claude",
        "ChatGPT",
        "Grok",
        "Gemini",
        "Copilot"
      ],
      "updated": "2026-02-27"
    },
    {
      "doc_id": "HUF.REL.CASE.EXHIBIT.BOOK1_DATA",
      "title": "Cross-Domain Comparison Dataset (Book1.xlsx \u2014 sourdough vs. Croatia Ramsar)",
      "volume": 3,
      "status": "reviewed",
      "lane": "REL",
      "huf_version": "1.2.0",
      "doc_version": "v1.0",
      "canonical_path": "Book1.xlsx",
      "codes": [
        "DATA",
        "CASE",
        "EXHIBIT"
      ],
      "artifacts": [
        "CM",
        "AS"
      ],
      "evidence": "E2",
      "posture": "OP",
      "weights": {
        "op": 0.8,
        "tool": 0.2,
        "peer": 0.0
      },
      "caps": {
        "op_min": 0.51,
        "tool_max": 0.49
      },
      "compliance": {
        "weights_declared": true,
        "caps_respected": true,
        "supersedes_chain_ok": true,
        "status": "compliant"
      },
      "supersedes": [],
      "superseded_by": null,
      "owner": "Peter Higgins",
      "contributors": [
        "Peter Higgins",
        "Claude",
        "ChatGPT",
        "Grok",
        "Gemini",
        "Copilot"
      ],
      "updated": "2026-02-26"
    },
    {
      "doc_id": "HUF.REL.BOOK.THM.MATH_FOUNDATIONS_V118",
      "title": "HUF Mathematical Foundations (Formal \u2014 v1.1.8)",
      "volume": 4,
      "status": "reviewed",
      "lane": "REL",
      "huf_version": "1.1.8",
      "doc_version": "v1.1.8",
      "canonical_path": "huf_mathematical_foundations.docx",
      "codes": [
        "BOOK",
        "MATH",
        "FORMAL"
      ],
      "artifacts": [
        "CM",
        "AS",
        "TR",
        "EB"
      ],
      "evidence": "E4",
      "posture": "THM",
      "weights": {
        "op": 0.8,
        "tool": 0.2,
        "peer": 0.0
      },
      "caps": {
        "op_min": 0.51,
        "tool_max": 0.49
      },
      "compliance": {
        "weights_declared": true,
        "caps_respected": true,
        "supersedes_chain_ok": true,
        "status": "compliant"
      },
      "supersedes": [],
      "superseded_by": null,
      "owner": "Peter Higgins",
      "contributors": [
        "Peter Higgins",
        "Claude",
        "ChatGPT",
        "Grok",
        "Gemini",
        "Copilot"
      ],
      "updated": "2026-02-26"
    },
    {
      "doc_id": "HUF.DRAFT.BOOK.NOTE.MATH_ACCESSIBLE_V010",
      "title": "The Mathematics of HUF \u2014 Accessible Introduction (DRAFT v0.1.0)",
      "volume": 4,
      "status": "draft",
      "lane": "DRAFT",
      "huf_version": "1.2.0",
      "doc_version": "v0.1.0",
      "canonical_path": "HUF_Mathematics_v0.1.0_DRAFT.docx",
      "codes": [
        "BOOK",
        "MATH",
        "ACCESSIBLE"
      ],
      "artifacts": [],
      "evidence": "E0",
      "posture": "OP",
      "weights": {
        "op": 0.8,
        "tool": 0.2,
        "peer": 0.0
      },
      "caps": {
        "op_min": 0.51,
        "tool_max": 0.49
      },
      "compliance": {
        "weights_declared": true,
        "caps_respected": true,
        "supersedes_chain_ok": true,
        "status": "compliant"
      },
      "supersedes": [],
      "superseded_by": null,
      "owner": "Peter Higgins",
      "contributors": [
        "Peter Higgins",
        "Claude",
        "ChatGPT",
        "Grok",
        "Gemini",
        "Copilot"
      ],
      "updated": "2026-02-26"
    },
    {
      "doc_id": "HUF.REL.BOOK.THM.MATH_FOUNDATIONS_V21",
      "title": "HUF Mathematical Foundations v2.1 (Q Factor + Ostrom + Grok Verdicts)",
      "volume": 5,
      "status": "reviewed",
      "lane": "REL",
      "huf_version": "1.2.0",
      "doc_version": "v2.1",
      "canonical_path": "huf_math_foundations_v2_1.docx",
      "codes": [
        "BOOK",
        "MATH",
        "ADVANCED",
        "Q_FACTOR"
      ],
      "artifacts": [
        "CM",
        "AS",
        "TR",
        "EB"
      ],
      "evidence": "E4",
      "posture": "THM",
      "weights": {
        "op": 0.8,
        "tool": 0.2,
        "peer": 0.0
      },
      "caps": {
        "op_min": 0.51,
        "tool_max": 0.49
      },
      "compliance": {
        "weights_declared": true,
        "caps_respected": true,
        "supersedes_chain_ok": true,
        "status": "compliant"
      },
      "supersedes": [],
      "superseded_by": null,
      "owner": "Peter Higgins",
      "contributors": [
        "Peter Higgins",
        "Claude",
        "ChatGPT",
        "Grok",
        "Gemini",
        "Copilot"
      ],
      "updated": "2026-02-27"
    },
    {
      "doc_id": "HUF.DRAFT.BOOK.THM.ADV_MATH_HANDBOOK_V020",
      "title": "HUF Advanced Mathematics Handbook v0.2.0 DRAFT (Gini/Theil/State Observers)",
      "volume": 5,
      "status": "draft",
      "lane": "DRAFT",
      "huf_version": "1.2.0",
      "doc_version": "v0.2.0",
      "canonical_path": "HUF_Advanced_Mathematics_Handbook_v0.2.0_DRAFT.docx",
      "codes": [
        "BOOK",
        "MATH",
        "ADVANCED",
        "DRAFT"
      ],
      "artifacts": [
        "CM",
        "AS",
        "TR",
        "EB"
      ],
      "evidence": "E4",
      "posture": "THM",
      "weights": {
        "op": 0.8,
        "tool": 0.2,
        "peer": 0.0
      },
      "caps": {
        "op_min": 0.51,
        "tool_max": 0.49
      },
      "compliance": {
        "weights_declared": true,
        "caps_respected": true,
        "supersedes_chain_ok": true,
        "status": "compliant"
      },
      "supersedes": [],
      "superseded_by": null,
      "owner": "Peter Higgins",
      "contributors": [
        "Peter Higgins",
        "Claude",
        "ChatGPT",
        "Grok",
        "Gemini",
        "Copilot"
      ],
      "updated": "2026-02-26"
    },
    {
      "doc_id": "HUF.DRAFT.BOOK.THM.ADV_MATH_HANDBOOK_V020_MD",
      "title": "HUF Advanced Mathematics Handbook v0.2.0 DRAFT (Markdown mirror)",
      "volume": 5,
      "status": "draft",
      "lane": "DRAFT",
      "huf_version": "1.2.0",
      "doc_version": "v0.2.0",
      "canonical_path": "HUF_Advanced_Mathematics_Handbook_v0.2.0_DRAFT.md",
      "codes": [
        "BOOK",
        "MATH",
        "ADVANCED",
        "DRAFT"
      ],
      "artifacts": [],
      "evidence": "E4",
      "posture": "THM",
      "weights": {
        "op": 0.8,
        "tool": 0.2,
        "peer": 0.0
      },
      "caps": {
        "op_min": 0.51,
        "tool_max": 0.49
      },
      "compliance": {
        "weights_declared": true,
        "caps_respected": true,
        "supersedes_chain_ok": true,
        "status": "compliant"
      },
      "supersedes": [],
      "superseded_by": null,
      "note": "Markdown mirror of the docx \u2014 keep in sync",
      "owner": "Peter Higgins",
      "contributors": [
        "Peter Higgins",
        "Claude",
        "ChatGPT",
        "Grok",
        "Gemini",
        "Copilot"
      ],
      "updated": "2026-02-26"
    },
    {
      "doc_id": "HUF.REL.CASE.EXHIBIT.D1_SOURDOUGH_CROATIA_V2",
      "title": "Case Study D.1 Exhibit A v2 \u2014 Sourdough vs. Croatia Ramsar (Two-Domain)",
      "volume": 6,
      "status": "reviewed",
      "lane": "REL",
      "huf_version": "1.1.8",
      "doc_version": "v2.0",
      "canonical_path": "HUF_Appendix_D_Case_Study_D1_Exhibit_A_v2.docx",
      "codes": [
        "CASE",
        "EXHIBIT",
        "CROSS_DOMAIN",
        "DOMAIN_INVARIANCE"
      ],
      "artifacts": [
        "CM",
        "AS",
        "TR",
        "EB"
      ],
      "evidence": "E2",
      "posture": "INT",
      "weights": {
        "op": 0.8,
        "tool": 0.2,
        "peer": 0.0
      },
      "caps": {
        "op_min": 0.51,
        "tool_max": 0.49
      },
      "compliance": {
        "weights_declared": true,
        "caps_respected": true,
        "supersedes_chain_ok": true,
        "status": "compliant"
      },
      "supersedes": [],
      "superseded_by": null,
      "owner": "Peter Higgins",
      "contributors": [
        "Peter Higgins",
        "Claude",
        "ChatGPT",
        "Grok",
        "Gemini",
        "Copilot"
      ],
      "updated": "2026-02-26"
    },
    {
      "doc_id": "HUF.REL.CASE.EXHIBIT.D2_THREE_DOMAIN_V1",
      "title": "Case Study D.2 Exhibit B v1 \u2014 Three-Domain (Sourdough + Croatia + Software Pipeline)",
      "volume": 6,
      "status": "reviewed",
      "lane": "REL",
      "huf_version": "1.2.0",
      "doc_version": "v1.0",
      "canonical_path": "HUF_Vol3_CaseStudyD2_ExhibitB_v1.docx",
      "codes": [
        "CASE",
        "EXHIBIT",
        "CROSS_DOMAIN",
        "THREE_DOMAIN"
      ],
      "artifacts": [
        "CM",
        "AS",
        "TR",
        "EB"
      ],
      "evidence": "E1",
      "posture": "INT",
      "weights": {
        "op": 0.8,
        "tool": 0.2,
        "peer": 0.0
      },
      "caps": {
        "op_min": 0.51,
        "tool_max": 0.49
      },
      "compliance": {
        "weights_declared": true,
        "caps_respected": true,
        "supersedes_chain_ok": true,
        "status": "compliant"
      },
      "supersedes": [],
      "superseded_by": null,
      "note": "System C (software pipeline) data entry PENDING \u2014 framework is execution-ready",
      "owner": "Peter Higgins",
      "contributors": [
        "Peter Higgins",
        "Claude",
        "ChatGPT",
        "Grok",
        "Gemini",
        "Copilot"
      ],
      "updated": "2026-02-28"
    },
    {
      "doc_id": "HUF.DRAFT.CASE.TEMPLATE.D2_EXHIBIT_B_FRAMEWORK",
      "title": "Case Study D.2 Exhibit B \u2014 Framework (System C Data Entry Pending)",
      "volume": 6,
      "status": "draft",
      "lane": "DRAFT",
      "huf_version": "1.2.0",
      "doc_version": "v1.0",
      "canonical_path": "HUF_Vol3_CaseStudyD2_ExhibitB_framework.docx",
      "codes": [
        "CASE",
        "EXHIBIT",
        "TEMPLATE",
        "PENDING"
      ],
      "artifacts": [
        "CM",
        "AS",
        "TR",
        "EB"
      ],
      "evidence": "E1",
      "posture": "INT",
      "weights": {
        "op": 0.8,
        "tool": 0.2,
        "peer": 0.0
      },
      "caps": {
        "op_min": 0.51,
        "tool_max": 0.49
      },
      "compliance": {
        "weights_declared": true,
        "caps_respected": true,
        "supersedes_chain_ok": true,
        "status": "compliant"
      },
      "supersedes": [],
      "superseded_by": null,
      "note": "EXECUTION-READY: insert pipeline namespace data and run diagnostics",
      "owner": "Peter Higgins",
      "contributors": [
        "Peter Higgins",
        "Claude",
        "ChatGPT",
        "Grok",
        "Gemini",
        "Copilot"
      ],
      "updated": "2026-02-28"
    },
    {
      "doc_id": "HUF.REL.CASE.NOTE.D1_INSERTS_V3",
      "title": "Appendix D.1 Insert Blocks v3 (Leverage Note + MDG Definition)",
      "volume": 6,
      "status": "reviewed",
      "lane": "REL",
      "huf_version": "1.2.0",
      "doc_version": "v3.0",
      "canonical_path": "appendix_d1_inserts_v3.docx",
      "codes": [
        "CASE",
        "INSERTS",
        "METHODOLOGY"
      ],
      "artifacts": [
        "TR"
      ],
      "evidence": "E1",
      "posture": "OP",
      "weights": {
        "op": 0.8,
        "tool": 0.2,
        "peer": 0.0
      },
      "caps": {
        "op_min": 0.51,
        "tool_max": 0.49
      },
      "compliance": {
        "weights_declared": true,
        "caps_respected": true,
        "supersedes_chain_ok": true,
        "status": "compliant"
      },
      "supersedes": [],
      "superseded_by": null,
      "owner": "Peter Higgins",
      "contributors": [
        "Peter Higgins",
        "Claude",
        "ChatGPT",
        "Grok",
        "Gemini",
        "Copilot"
      ],
      "updated": "2026-02-27"
    },
    {
      "doc_id": "HUF.REL.PARTNER.PRIMER.RAMSAR_V12",
      "title": "Ramsar Contact Primer v12 (Internal briefing for Secretariat/MedWet)",
      "volume": 7,
      "status": "release",
      "lane": "REL",
      "huf_version": "1.2.0",
      "doc_version": "v12.0",
      "canonical_path": "ramsar_contact_primer_v12.docx",
      "codes": [
        "PARTNER",
        "RAMSAR",
        "PRIMER",
        "ECOLOGY"
      ],
      "artifacts": [
        "CM",
        "TR"
      ],
      "evidence": "E1",
      "posture": "OP",
      "weights": {
        "op": 0.8,
        "tool": 0.2,
        "peer": 0.0
      },
      "caps": {
        "op_min": 0.51,
        "tool_max": 0.49
      },
      "compliance": {
        "weights_declared": true,
        "caps_respected": true,
        "supersedes_chain_ok": true,
        "status": "compliant"
      },
      "supersedes": [],
      "superseded_by": null,
      "note": "READY TO SEND \u2014 this is Decision D9 (currently BLOCKED)",
      "owner": "Peter Higgins",
      "contributors": [
        "Peter Higgins",
        "Claude",
        "ChatGPT",
        "Grok",
        "Gemini",
        "Copilot"
      ],
      "updated": "2026-02-27"
    },
    {
      "doc_id": "HUF.REL.PARTNER.PRIMER.RAMSAR_LETTER_V15",
      "title": "Ramsar Contact Letter v15 (To Secretariat / MedWet)",
      "volume": 7,
      "status": "release",
      "lane": "REL",
      "huf_version": "1.2.0",
      "doc_version": "v15.0",
      "canonical_path": "ramsar_contact_letter_v15.docx",
      "codes": [
        "PARTNER",
        "RAMSAR",
        "LETTER",
        "OUTREACH"
      ],
      "artifacts": [
        "CM"
      ],
      "evidence": "E1",
      "posture": "OP",
      "weights": {
        "op": 0.8,
        "tool": 0.2,
        "peer": 0.0
      },
      "caps": {
        "op_min": 0.51,
        "tool_max": 0.49
      },
      "compliance": {
        "weights_declared": true,
        "caps_respected": true,
        "supersedes_chain_ok": true,
        "status": "compliant"
      },
      "supersedes": [],
      "superseded_by": null,
      "note": "READY TO SEND \u2014 awaiting operator dispatch decision",
      "owner": "Peter Higgins",
      "contributors": [
        "Peter Higgins",
        "Claude",
        "ChatGPT",
        "Grok",
        "Gemini",
        "Copilot"
      ],
      "updated": "2026-02-28"
    },
    {
      "doc_id": "HUF.REL.PARTNER.EXHIBIT.RAMSAR_CROATIA_PACKAGE_FEB2026",
      "title": "Ramsar Croatia Pilot \u2014 Complete Handoff Package February 2026",
      "volume": 7,
      "status": "release",
      "lane": "REL",
      "huf_version": "1.2.0",
      "doc_version": "v1.0",
      "canonical_path": "HUF_Ramsar_Croatia_Package_Feb2026.docx",
      "codes": [
        "PARTNER",
        "RAMSAR",
        "CROATIA",
        "PACKAGE",
        "HANDOFF"
      ],
      "artifacts": [
        "CM",
        "AS",
        "TR",
        "EB"
      ],
      "evidence": "E2",
      "posture": "OP",
      "weights": {
        "op": 0.8,
        "tool": 0.2,
        "peer": 0.0
      },
      "caps": {
        "op_min": 0.51,
        "tool_max": 0.49
      },
      "compliance": {
        "weights_declared": true,
        "caps_respected": true,
        "supersedes_chain_ok": true,
        "status": "compliant"
      },
      "supersedes": [],
      "superseded_by": null,
      "owner": "Peter Higgins",
      "contributors": [
        "Peter Higgins",
        "Claude",
        "ChatGPT",
        "Grok",
        "Gemini",
        "Copilot"
      ],
      "updated": "2026-02-28"
    },
    {
      "doc_id": "HUF.REL.PARTNER.NOTE.MANUFACTURING_ELECTRONICS",
      "title": "HUF Manufacturing Application \u2014 Electronics Assembly (Fuji/Nordson Dage)",
      "volume": 7,
      "status": "reviewed",
      "lane": "REL",
      "huf_version": "1.2.0",
      "doc_version": "v1.0",
      "canonical_path": "wiki_manufacturing_electronics_assembly.md",
      "codes": [
        "PARTNER",
        "MANUFACTURING",
        "FUJI",
        "NORDSON",
        "ELECTRONICS"
      ],
      "artifacts": [
        "CM",
        "AS",
        "TR",
        "EB"
      ],
      "evidence": "E1",
      "posture": "OP",
      "weights": {
        "op": 0.8,
        "tool": 0.2,
        "peer": 0.0
      },
      "caps": {
        "op_min": 0.51,
        "tool_max": 0.49
      },
      "compliance": {
        "weights_declared": true,
        "caps_respected": true,
        "supersedes_chain_ok": true,
        "status": "compliant"
      },
      "supersedes": [],
      "superseded_by": null,
      "owner": "Peter Higgins",
      "contributors": [
        "Peter Higgins",
        "Claude",
        "ChatGPT",
        "Grok",
        "Gemini",
        "Copilot"
      ],
      "updated": "2026-02-28"
    },
    {
      "doc_id": "HUF.REL.PARTNER.NOTE.OPERATOR_ENTRY_POINTS",
      "title": "HUF Entry Points \u2014 Operator Profile and Industry Access Paths",
      "volume": 7,
      "status": "reviewed",
      "lane": "REL",
      "huf_version": "1.2.0",
      "doc_version": "v1.0",
      "canonical_path": "wiki_operator_entry_points.md",
      "codes": [
        "PARTNER",
        "OPERATOR",
        "ENTRY_POINTS",
        "COMMERCIALIZATION"
      ],
      "artifacts": [
        "AS",
        "TR"
      ],
      "evidence": "E1",
      "posture": "OP",
      "weights": {
        "op": 0.8,
        "tool": 0.2,
        "peer": 0.0
      },
      "caps": {
        "op_min": 0.51,
        "tool_max": 0.49
      },
      "compliance": {
        "weights_declared": true,
        "caps_respected": true,
        "supersedes_chain_ok": true,
        "status": "compliant"
      },
      "supersedes": [],
      "superseded_by": null,
      "owner": "Peter Higgins",
      "contributors": [
        "Peter Higgins",
        "Claude",
        "ChatGPT",
        "Grok",
        "Gemini",
        "Copilot"
      ],
      "updated": "2026-02-28"
    }
  ]
}