rank,item_id,regime_id,rho_global_post,rho_global_pre,rho_local_pre,rho_local_post,value,tau,exclusion
1,TCS=70/phase=8/status=Green Termination,TCS=70,0.0031923383878691143,0.0010403120936280884,0.42105263157894735,0.5,8.0,0.0005,global
2,TCS=197/phase=2/status=Green Termination,TCS=197,0.0031923383878691143,0.0010403120936280884,0.36363636363636365,0.5,8.0,0.0005,global
3,TCS=197/phase=6/status=Green Termination,TCS=197,0.0031923383878691143,0.0010403120936280884,0.36363636363636365,0.5,8.0,0.0005,global
4,TCS=94/phase=2/status=Green Termination,TCS=94,0.0031923383878691143,0.0010403120936280884,0.25806451612903225,0.3076923076923077,8.0,0.0005,global
5,TCS=94/phase=6/status=Green Termination,TCS=94,0.0031923383878691143,0.0010403120936280884,0.25806451612903225,0.3076923076923077,8.0,0.0005,global
6,TCS=70/phase=4/status=Green Termination,TCS=70,0.0031923383878691143,0.0010403120936280884,0.42105263157894735,0.5,8.0,0.0005,global
7,TCS=167/phase=4/status=Green Termination,TCS=167,0.002793296089385475,0.0009102730819245773,0.3888888888888889,0.5,7.0,0.0005,global
8,TCS=358/phase=8/status=Green Termination,TCS=358,0.002793296089385475,0.0009102730819245773,0.35,0.5,7.0,0.0005,global
9,TCS=220/phase=4/status=Green Termination,TCS=220,0.002793296089385475,0.0009102730819245773,0.3888888888888889,0.5,7.0,0.0005,global
10,TCS=220/phase=8/status=Green Termination,TCS=220,0.002793296089385475,0.0009102730819245773,0.3888888888888889,0.5,7.0,0.0005,global
11,TCS=167/phase=8/status=Green Termination,TCS=167,0.002793296089385475,0.0009102730819245773,0.3888888888888889,0.5,7.0,0.0005,global
12,TCS=248/phase=4/status=Green Termination,TCS=248,0.002793296089385475,0.0009102730819245773,0.3888888888888889,0.5,7.0,0.0005,global
13,TCS=271/phase=8/status=Green Termination,TCS=271,0.002793296089385475,0.0009102730819245773,0.35,0.5,7.0,0.0005,global
14,TCS=271/phase=4/status=Green Termination,TCS=271,0.002793296089385475,0.0009102730819245773,0.35,0.5,7.0,0.0005,global
15,TCS=358/phase=4/status=Green Termination,TCS=358,0.002793296089385475,0.0009102730819245773,0.35,0.5,7.0,0.0005,global
16,TCS=248/phase=8/status=Green Termination,TCS=248,0.002793296089385475,0.0009102730819245773,0.3888888888888889,0.5,7.0,0.0005,global
17,TCS=259/phase=4/status=Green Termination,TCS=259,0.002793296089385475,0.0009102730819245773,0.5,0.5,7.0,0.0005,global
18,TCS=259/phase=8/status=Green Termination,TCS=259,0.002793296089385475,0.0009102730819245773,0.5,0.5,7.0,0.0005,global
19,TCS=879/phase=6/status=Green Termination,TCS=879,0.002793296089385475,0.0009102730819245773,0.3888888888888889,0.5,7.0,0.0005,global
20,TCS=730/phase=4/status=Green Termination,TCS=730,0.002793296089385475,0.0009102730819245773,0.5,0.5,7.0,0.0005,global
21,TCS=730/phase=8/status=Green Termination,TCS=730,0.002793296089385475,0.0009102730819245773,0.5,0.5,7.0,0.0005,global
22,TCS=879/phase=2/status=Green Termination,TCS=879,0.002793296089385475,0.0009102730819245773,0.3888888888888889,0.5,7.0,0.0005,global
23,TCS=285/phase=6/status=Green Termination,TCS=285,0.0023942537909018356,0.0007802340702210664,0.375,0.5,6.0,0.0005,global
24,TCS=347/phase=6/status=Green Termination,TCS=347,0.0023942537909018356,0.0007802340702210664,0.2857142857142857,0.5,6.0,0.0005,global
25,TCS=44/phase=2/status=Green Termination,TCS=44,0.0023942537909018356,0.0007802340702210664,0.42857142857142855,0.5,6.0,0.0005,global
26,TCS=341/phase=4/status=Green Termination,TCS=341,0.0023942537909018356,0.0007802340702210664,0.2727272727272727,0.2727272727272727,6.0,0.0005,global
27,TCS=323/phase=6/status=Green Termination,TCS=323,0.0023942537909018356,0.0007802340702210664,0.42857142857142855,0.5,6.0,0.0005,global
28,TCS=266/phase=2/status=Green Termination,TCS=266,0.0023942537909018356,0.0007802340702210664,0.42857142857142855,0.5,6.0,0.0005,global
29,TCS=266/phase=6/status=Green Termination,TCS=266,0.0023942537909018356,0.0007802340702210664,0.42857142857142855,0.5,6.0,0.0005,global
30,TCS=270/phase=5/status=Green Termination,TCS=270,0.0023942537909018356,0.0007802340702210664,0.3333333333333333,1.0,6.0,0.0005,global
31,TCS=346/phase=2/status=Green Termination,TCS=346,0.0023942537909018356,0.0007802340702210664,0.375,0.5,6.0,0.0005,global
32,TCS=135/phase=4/status=Green Termination,TCS=135,0.0023942537909018356,0.0007802340702210664,0.2857142857142857,0.5,6.0,0.0005,global
33,TCS=135/phase=8/status=Green Termination,TCS=135,0.0023942537909018356,0.0007802340702210664,0.2857142857142857,0.5,6.0,0.0005,global
34,TCS=328/phase=1/status=Green Termination,TCS=328,0.0023942537909018356,0.0007802340702210664,0.6,1.0,6.0,0.0005,global
35,TCS=341/phase=8/status=Green Termination,TCS=341,0.0023942537909018356,0.0007802340702210664,0.2727272727272727,0.2727272727272727,6.0,0.0005,global
36,TCS=136/phase=4/status=Green Termination,TCS=136,0.0023942537909018356,0.0007802340702210664,0.3333333333333333,0.5,6.0,0.0005,global
37,TCS=415/phase=2/status=Green Termination,TCS=415,0.0023942537909018356,0.0007802340702210664,0.5,0.5,6.0,0.0005,global
38,TCS=323/phase=2/status=Green Termination,TCS=323,0.0023942537909018356,0.0007802340702210664,0.42857142857142855,0.5,6.0,0.0005,global
39,TCS=415/phase=6/status=Green Termination,TCS=415,0.0023942537909018356,0.0007802340702210664,0.5,0.5,6.0,0.0005,global
40,TCS=346/phase=6/status=Green Termination,TCS=346,0.0023942537909018356,0.0007802340702210664,0.375,0.5,6.0,0.0005,global
41,TCS=136/phase=8/status=Green Termination,TCS=136,0.0023942537909018356,0.0007802340702210664,0.3333333333333333,0.5,6.0,0.0005,global
42,TCS=175/phase=4/status=Green Termination,TCS=175,0.0023942537909018356,0.0007802340702210664,0.21428571428571427,0.25,6.0,0.0005,global
43,TCS=175/phase=8/status=Green Termination,TCS=175,0.0023942537909018356,0.0007802340702210664,0.21428571428571427,0.25,6.0,0.0005,global
44,TCS=175/phase=10/status=Green Termination,TCS=175,0.0023942537909018356,0.0007802340702210664,0.21428571428571427,0.25,6.0,0.0005,global
45,TCS=175/phase=12/status=Green Termination,TCS=175,0.0023942537909018356,0.0007802340702210664,0.21428571428571427,0.25,6.0,0.0005,global
46,TCS=477/phase=8/status=Green Termination,TCS=477,0.0023942537909018356,0.0007802340702210664,0.75,1.0,6.0,0.0005,global
47,TCS=529/phase=4/status=Green Termination,TCS=529,0.0023942537909018356,0.0007802340702210664,0.35294117647058826,0.5,6.0,0.0005,global
48,TCS=529/phase=8/status=Green Termination,TCS=529,0.0023942537909018356,0.0007802340702210664,0.35294117647058826,0.5,6.0,0.0005,global
49,TCS=606/phase=4/status=Green Termination,TCS=606,0.0023942537909018356,0.0007802340702210664,0.42857142857142855,0.5,6.0,0.0005,global
50,TCS=606/phase=8/status=Green Termination,TCS=606,0.0023942537909018356,0.0007802340702210664,0.42857142857142855,0.5,6.0,0.0005,global
51,TCS=609/phase=4/status=Green Termination,TCS=609,0.0023942537909018356,0.0007802340702210664,0.5,0.5,6.0,0.0005,global
52,TCS=609/phase=8/status=Green Termination,TCS=609,0.0023942537909018356,0.0007802340702210664,0.5,0.5,6.0,0.0005,global
53,TCS=610/phase=2/status=Green Termination,TCS=610,0.0023942537909018356,0.0007802340702210664,0.3,0.3,6.0,0.0005,global
54,TCS=347/phase=2/status=Green Termination,TCS=347,0.0023942537909018356,0.0007802340702210664,0.2857142857142857,0.5,6.0,0.0005,global
55,TCS=668/phase=2/status=Green Termination,TCS=668,0.0023942537909018356,0.0007802340702210664,0.42857142857142855,0.5,6.0,0.0005,global
56,TCS=668/phase=6/status=Green Termination,TCS=668,0.0023942537909018356,0.0007802340702210664,0.42857142857142855,0.5,6.0,0.0005,global
57,TCS=3/phase=5/status=Green Termination,TCS=3,0.0023942537909018356,0.0007802340702210664,0.3,0.3333333333333333,6.0,0.0005,global
58,TCS=44/phase=6/status=Green Termination,TCS=44,0.0023942537909018356,0.0007802340702210664,0.42857142857142855,0.5,6.0,0.0005,global
59,TCS=744/phase=1/status=Green Termination,TCS=744,0.0023942537909018356,0.0007802340702210664,0.3333333333333333,0.5454545454545454,6.0,0.0005,global
60,TCS=747/phase=7/status=Green Termination,TCS=747,0.0023942537909018356,0.0007802340702210664,0.6666666666666666,1.0,6.0,0.0005,global
61,TCS=793/phase=2/status=Green Termination,TCS=793,0.0023942537909018356,0.0007802340702210664,0.3,0.3,6.0,0.0005,global
62,TCS=610/phase=6/status=Green Termination,TCS=610,0.0023942537909018356,0.0007802340702210664,0.3,0.3,6.0,0.0005,global
63,TCS=827/phase=4/status=Green Termination,TCS=827,0.0023942537909018356,0.0007802340702210664,0.2857142857142857,0.5,6.0,0.0005,global
64,TCS=827/phase=8/status=Green Termination,TCS=827,0.0023942537909018356,0.0007802340702210664,0.2857142857142857,0.5,6.0,0.0005,global
65,TCS=829/phase=2/status=Green Termination,TCS=829,0.0023942537909018356,0.0007802340702210664,0.2857142857142857,0.3,6.0,0.0005,global
66,TCS=829/phase=6/status=Green Termination,TCS=829,0.0023942537909018356,0.0007802340702210664,0.2857142857142857,0.3,6.0,0.0005,global
67,TCS=845/phase=4/status=Green Termination,TCS=845,0.0023942537909018356,0.0007802340702210664,0.3333333333333333,0.375,6.0,0.0005,global
68,TCS=845/phase=8/status=Green Termination,TCS=845,0.0023942537909018356,0.0007802340702210664,0.3333333333333333,0.375,6.0,0.0005,global
69,TCS=285/phase=2/status=Green Termination,TCS=285,0.0023942537909018356,0.0007802340702210664,0.375,0.5,6.0,0.0005,global
70,TCS=793/phase=6/status=Green Termination,TCS=793,0.0023942537909018356,0.0007802340702210664,0.3,0.3,6.0,0.0005,global
71,TCS=36/phase=8/status=Green Termination,TCS=36,0.0019952114924181963,0.0006501950585175553,0.25,0.5,5.0,0.0005,global
72,TCS=38/phase=4/status=Green Termination,TCS=38,0.0019952114924181963,0.0006501950585175553,0.3125,0.5,5.0,0.0005,global
73,TCS=38/phase=8/status=Green Termination,TCS=38,0.0019952114924181963,0.0006501950585175553,0.3125,0.5,5.0,0.0005,global
74,TCS=253/phase=4/status=Green Termination,TCS=253,0.0019952114924181963,0.0006501950585175553,0.35714285714285715,0.5,5.0,0.0005,global
75,TCS=253/phase=8/status=Green Termination,TCS=253,0.0019952114924181963,0.0006501950585175553,0.35714285714285715,0.5,5.0,0.0005,global
76,TCS=254/phase=4/status=Green Termination,TCS=254,0.0019952114924181963,0.0006501950585175553,0.4166666666666667,0.5,5.0,0.0005,global
77,TCS=254/phase=8/status=Green Termination,TCS=254,0.0019952114924181963,0.0006501950585175553,0.4166666666666667,0.5,5.0,0.0005,global
78,TCS=46/phase=4/status=Green Termination,TCS=46,0.0019952114924181963,0.0006501950585175553,0.3125,0.5,5.0,0.0005,global
79,TCS=46/phase=8/status=Green Termination,TCS=46,0.0019952114924181963,0.0006501950585175553,0.3125,0.5,5.0,0.0005,global
80,TCS=47/phase=2/status=Green Termination,TCS=47,0.0019952114924181963,0.0006501950585175553,0.23809523809523808,0.3333333333333333,5.0,0.0005,global
81,TCS=47/phase=6/status=Green Termination,TCS=47,0.0019952114924181963,0.0006501950585175553,0.23809523809523808,0.3333333333333333,5.0,0.0005,global
82,TCS=47/phase=9/status=Green Termination,TCS=47,0.0019952114924181963,0.0006501950585175553,0.23809523809523808,0.3333333333333333,5.0,0.0005,global
83,TCS=255/phase=4/status=Green Termination,TCS=255,0.0019952114924181963,0.0006501950585175553,0.3125,0.35714285714285715,5.0,0.0005,global
84,TCS=66/phase=4/status=Green Termination,TCS=66,0.0019952114924181963,0.0006501950585175553,0.4166666666666667,0.5,5.0,0.0005,global
85,TCS=66/phase=8/status=Green Termination,TCS=66,0.0019952114924181963,0.0006501950585175553,0.4166666666666667,0.5,5.0,0.0005,global
86,TCS=255/phase=8/status=Green Termination,TCS=255,0.0019952114924181963,0.0006501950585175553,0.3125,0.35714285714285715,5.0,0.0005,global
87,TCS=447/phase=2/status=Green Termination,TCS=447,0.0019952114924181963,0.0006501950585175553,0.3333333333333333,0.35714285714285715,5.0,0.0005,global
88,TCS=407/phase=3/status=Green Termination,TCS=407,0.0019952114924181963,0.0006501950585175553,0.3125,0.5,5.0,0.0005,global
89,TCS=407/phase=7/status=Green Termination,TCS=407,0.0019952114924181963,0.0006501950585175553,0.3125,0.5,5.0,0.0005,global
90,TCS=76/phase=4/status=Green Termination,TCS=76,0.0019952114924181963,0.0006501950585175553,0.3125,0.5,5.0,0.0005,global
91,TCS=76/phase=8/status=Green Termination,TCS=76,0.0019952114924181963,0.0006501950585175553,0.3125,0.5,5.0,0.0005,global
92,TCS=79/phase=2/status=Green Termination,TCS=79,0.0019952114924181963,0.0006501950585175553,0.35714285714285715,0.5,5.0,0.0005,global
93,TCS=79/phase=6/status=Green Termination,TCS=79,0.0019952114924181963,0.0006501950585175553,0.35714285714285715,0.5,5.0,0.0005,global
94,TCS=447/phase=6/status=Green Termination,TCS=447,0.0019952114924181963,0.0006501950585175553,0.3333333333333333,0.35714285714285715,5.0,0.0005,global
95,TCS=333/phase=5/status=Green Termination,TCS=333,0.0019952114924181963,0.0006501950585175553,0.5555555555555556,1.0,5.0,0.0005,global
96,TCS=383/phase=4/status=Green Termination,TCS=383,0.0019952114924181963,0.0006501950585175553,0.23809523809523808,0.5,5.0,0.0005,global
97,TCS=94/phase=1/status=Green Termination,TCS=94,0.0019952114924181963,0.0006501950585175553,0.16129032258064516,0.19230769230769232,5.0,0.0005,global
98,TCS=94/phase=5/status=Green Termination,TCS=94,0.0019952114924181963,0.0006501950585175553,0.16129032258064516,0.19230769230769232,5.0,0.0005,global
99,TCS=262/phase=4/status=Green Termination,TCS=262,0.0019952114924181963,0.0006501950585175553,0.3333333333333333,0.5,5.0,0.0005,global
100,TCS=262/phase=8/status=Green Termination,TCS=262,0.0019952114924181963,0.0006501950585175553,0.3333333333333333,0.5,5.0,0.0005,global
101,TCS=341/phase=2/status=Green Termination,TCS=341,0.0019952114924181963,0.0006501950585175553,0.22727272727272727,0.22727272727272727,5.0,0.0005,global
102,TCS=341/phase=6/status=Green Termination,TCS=341,0.0019952114924181963,0.0006501950585175553,0.22727272727272727,0.22727272727272727,5.0,0.0005,global
103,TCS=279/phase=4/status=Green Termination,TCS=279,0.0019952114924181963,0.0006501950585175553,0.23809523809523808,0.5,5.0,0.0005,global
104,TCS=279/phase=8/status=Green Termination,TCS=279,0.0019952114924181963,0.0006501950585175553,0.23809523809523808,0.5,5.0,0.0005,global
105,TCS=142/phase=1/status=Green Termination,TCS=142,0.0019952114924181963,0.0006501950585175553,0.5,1.0,5.0,0.0005,global
106,TCS=383/phase=8/status=Green Termination,TCS=383,0.0019952114924181963,0.0006501950585175553,0.23809523809523808,0.5,5.0,0.0005,global
107,TCS=287/phase=2/status=Green Termination,TCS=287,0.0019952114924181963,0.0006501950585175553,0.25,0.25,5.0,0.0005,global
108,TCS=163/phase=2/status=Green Termination,TCS=163,0.0019952114924181963,0.0006501950585175553,0.3125,0.5,5.0,0.0005,global
109,TCS=163/phase=6/status=Green Termination,TCS=163,0.0019952114924181963,0.0006501950585175553,0.3125,0.5,5.0,0.0005,global
110,TCS=287/phase=4/status=Green Termination,TCS=287,0.0019952114924181963,0.0006501950585175553,0.25,0.25,5.0,0.0005,global
111,TCS=287/phase=6/status=Green Termination,TCS=287,0.0019952114924181963,0.0006501950585175553,0.25,0.25,5.0,0.0005,global
112,TCS=287/phase=8/status=Green Termination,TCS=287,0.0019952114924181963,0.0006501950585175553,0.25,0.25,5.0,0.0005,global
113,TCS=290/phase=2/status=Green Termination,TCS=290,0.0019952114924181963,0.0006501950585175553,0.4166666666666667,0.5,5.0,0.0005,global
114,TCS=290/phase=6/status=Green Termination,TCS=290,0.0019952114924181963,0.0006501950585175553,0.4166666666666667,0.5,5.0,0.0005,global
115,TCS=196/phase=4/status=Green Termination,TCS=196,0.0019952114924181963,0.0006501950585175553,0.3125,0.5,5.0,0.0005,global
116,TCS=196/phase=8/status=Green Termination,TCS=196,0.0019952114924181963,0.0006501950585175553,0.3125,0.5,5.0,0.0005,global
117,TCS=384/phase=1/status=Green Termination,TCS=384,0.0019952114924181963,0.0006501950585175553,0.23809523809523808,0.3333333333333333,5.0,0.0005,global
118,TCS=186/phase=7/status=Green Termination,TCS=186,0.0019952114924181963,0.0006501950585175553,0.3333333333333333,0.5555555555555556,5.0,0.0005,global
119,TCS=356/phase=2/status=Green Termination,TCS=356,0.0019952114924181963,0.0006501950585175553,0.5,0.5,5.0,0.0005,global
120,TCS=475/phase=4/status=Green Termination,TCS=475,0.0019952114924181963,0.0006501950585175553,0.4166666666666667,0.5,5.0,0.0005,global
121,TCS=475/phase=8/status=Green Termination,TCS=475,0.0019952114924181963,0.0006501950585175553,0.4166666666666667,0.5,5.0,0.0005,global
122,TCS=9/phase=4/status=Green Termination,TCS=9,0.0019952114924181963,0.0006501950585175553,0.4166666666666667,0.5,5.0,0.0005,global
123,TCS=479/phase=5/status=Green Termination,TCS=479,0.0019952114924181963,0.0006501950585175553,0.38461538461538464,1.0,5.0,0.0005,global
124,TCS=490/phase=1/status=Green Termination,TCS=490,0.0019952114924181963,0.0006501950585175553,0.3125,0.5555555555555556,5.0,0.0005,global
125,TCS=492/phase=2/status=Green Termination,TCS=492,0.0019952114924181963,0.0006501950585175553,0.3333333333333333,0.5,5.0,0.0005,global
126,TCS=492/phase=6/status=Green Termination,TCS=492,0.0019952114924181963,0.0006501950585175553,0.3333333333333333,0.5,5.0,0.0005,global
127,TCS=515/phase=2/status=Green Termination,TCS=515,0.0019952114924181963,0.0006501950585175553,0.4166666666666667,0.5,5.0,0.0005,global
128,TCS=515/phase=6/status=Green Termination,TCS=515,0.0019952114924181963,0.0006501950585175553,0.4166666666666667,0.5,5.0,0.0005,global
129,TCS=522/phase=3/status=Green Termination,TCS=522,0.0019952114924181963,0.0006501950585175553,0.25,0.5,5.0,0.0005,global
130,TCS=522/phase=7/status=Green Termination,TCS=522,0.0019952114924181963,0.0006501950585175553,0.25,0.5,5.0,0.0005,global
131,TCS=9/phase=8/status=Green Termination,TCS=9,0.0019952114924181963,0.0006501950585175553,0.4166666666666667,0.5,5.0,0.0005,global
132,TCS=12/phase=2/status=Green Termination,TCS=12,0.0019952114924181963,0.0006501950585175553,0.4166666666666667,0.5,5.0,0.0005,global
133,TCS=555/phase=5/status=Green Termination,TCS=555,0.0019952114924181963,0.0006501950585175553,0.38461538461538464,1.0,5.0,0.0005,global
134,TCS=585/phase=1/status=Green Termination,TCS=585,0.0019952114924181963,0.0006501950585175553,0.3333333333333333,0.3333333333333333,5.0,0.0005,global
135,TCS=585/phase=4/status=Green Termination,TCS=585,0.0019952114924181963,0.0006501950585175553,0.3333333333333333,0.3333333333333333,5.0,0.0005,global
136,TCS=585/phase=8/status=Green Termination,TCS=585,0.0019952114924181963,0.0006501950585175553,0.3333333333333333,0.3333333333333333,5.0,0.0005,global
137,TCS=592/phase=2/status=Green Termination,TCS=592,0.0019952114924181963,0.0006501950585175553,0.45454545454545453,0.5,5.0,0.0005,global
138,TCS=592/phase=6/status=Green Termination,TCS=592,0.0019952114924181963,0.0006501950585175553,0.45454545454545453,0.5,5.0,0.0005,global
139,TCS=603/phase=4/status=Green Termination,TCS=603,0.0019952114924181963,0.0006501950585175553,0.35714285714285715,0.5,5.0,0.0005,global
140,TCS=603/phase=8/status=Green Termination,TCS=603,0.0019952114924181963,0.0006501950585175553,0.35714285714285715,0.5,5.0,0.0005,global
141,TCS=12/phase=6/status=Green Termination,TCS=12,0.0019952114924181963,0.0006501950585175553,0.4166666666666667,0.5,5.0,0.0005,global
142,TCS=14/phase=2/status=Green Termination,TCS=14,0.0019952114924181963,0.0006501950585175553,0.35714285714285715,0.5,5.0,0.0005,global
143,TCS=14/phase=6/status=Green Termination,TCS=14,0.0019952114924181963,0.0006501950585175553,0.35714285714285715,0.5,5.0,0.0005,global
144,TCS=356/phase=6/status=Green Termination,TCS=356,0.0019952114924181963,0.0006501950585175553,0.5,0.5,5.0,0.0005,global
145,TCS=384/phase=4/status=Green Termination,TCS=384,0.0019952114924181963,0.0006501950585175553,0.23809523809523808,0.3333333333333333,5.0,0.0005,global
146,TCS=233/phase=4/status=Green Termination,TCS=233,0.0019952114924181963,0.0006501950585175553,0.5,0.5,5.0,0.0005,global
147,TCS=656/phase=2/status=Green Termination,TCS=656,0.0019952114924181963,0.0006501950585175553,0.25,0.25,5.0,0.0005,global
148,TCS=656/phase=4/status=Green Termination,TCS=656,0.0019952114924181963,0.0006501950585175553,0.25,0.25,5.0,0.0005,global
149,TCS=656/phase=6/status=Green Termination,TCS=656,0.0019952114924181963,0.0006501950585175553,0.25,0.25,5.0,0.0005,global
150,TCS=656/phase=8/status=Green Termination,TCS=656,0.0019952114924181963,0.0006501950585175553,0.25,0.25,5.0,0.0005,global
151,TCS=664/phase=2/status=Green Termination,TCS=664,0.0019952114924181963,0.0006501950585175553,0.2777777777777778,0.2777777777777778,5.0,0.0005,global
152,TCS=664/phase=6/status=Green Termination,TCS=664,0.0019952114924181963,0.0006501950585175553,0.2777777777777778,0.2777777777777778,5.0,0.0005,global
153,TCS=233/phase=8/status=Green Termination,TCS=233,0.0019952114924181963,0.0006501950585175553,0.5,0.5,5.0,0.0005,global
154,TCS=234/phase=4/status=Green Termination,TCS=234,0.0019952114924181963,0.0006501950585175553,0.3125,0.5,5.0,0.0005,global
155,TCS=669/phase=4/status=Green Termination,TCS=669,0.0019952114924181963,0.0006501950585175553,0.4166666666666667,0.5,5.0,0.0005,global
156,TCS=669/phase=8/status=Green Termination,TCS=669,0.0019952114924181963,0.0006501950585175553,0.4166666666666667,0.5,5.0,0.0005,global
157,TCS=676/phase=2/status=Green Termination,TCS=676,0.0019952114924181963,0.0006501950585175553,0.38461538461538464,0.5,5.0,0.0005,global
158,TCS=676/phase=6/status=Green Termination,TCS=676,0.0019952114924181963,0.0006501950585175553,0.38461538461538464,0.5,5.0,0.0005,global
159,TCS=682/phase=2/status=Green Termination,TCS=682,0.0019952114924181963,0.0006501950585175553,0.35714285714285715,0.5,5.0,0.0005,global
160,TCS=682/phase=6/status=Green Termination,TCS=682,0.0019952114924181963,0.0006501950585175553,0.35714285714285715,0.5,5.0,0.0005,global
161,TCS=683/phase=2/status=Green Termination,TCS=683,0.0019952114924181963,0.0006501950585175553,0.3125,0.5,5.0,0.0005,global
162,TCS=683/phase=6/status=Green Termination,TCS=683,0.0019952114924181963,0.0006501950585175553,0.3125,0.5,5.0,0.0005,global
163,TCS=688/phase=2/status=Green Termination,TCS=688,0.0019952114924181963,0.0006501950585175553,0.35714285714285715,0.5,5.0,0.0005,global
164,TCS=688/phase=6/status=Green Termination,TCS=688,0.0019952114924181963,0.0006501950585175553,0.35714285714285715,0.5,5.0,0.0005,global
165,TCS=720/phase=8/status=Green Termination,TCS=720,0.0019952114924181963,0.0006501950585175553,0.5555555555555556,1.0,5.0,0.0005,global
166,TCS=234/phase=8/status=Green Termination,TCS=234,0.0019952114924181963,0.0006501950585175553,0.3125,0.5,5.0,0.0005,global
167,TCS=384/phase=8/status=Green Termination,TCS=384,0.0019952114924181963,0.0006501950585175553,0.23809523809523808,0.3333333333333333,5.0,0.0005,global
168,TCS=26/phase=2/status=Green Termination,TCS=26,0.0019952114924181963,0.0006501950585175553,0.3333333333333333,0.5,5.0,0.0005,global
169,TCS=744/phase=5/status=Green Termination,TCS=744,0.0019952114924181963,0.0006501950585175553,0.2777777777777778,0.45454545454545453,5.0,0.0005,global
170,TCS=26/phase=6/status=Green Termination,TCS=26,0.0019952114924181963,0.0006501950585175553,0.3333333333333333,0.5,5.0,0.0005,global
171,TCS=759/phase=2/status=Green Termination,TCS=759,0.0019952114924181963,0.0006501950585175553,0.35714285714285715,0.5,5.0,0.0005,global
172,TCS=759/phase=6/status=Green Termination,TCS=759,0.0019952114924181963,0.0006501950585175553,0.35714285714285715,0.5,5.0,0.0005,global
173,TCS=785/phase=2/status=Green Termination,TCS=785,0.0019952114924181963,0.0006501950585175553,0.4166666666666667,0.5,5.0,0.0005,global
174,TCS=785/phase=6/status=Green Termination,TCS=785,0.0019952114924181963,0.0006501950585175553,0.4166666666666667,0.5,5.0,0.0005,global
175,TCS=394/phase=3/status=Green Termination,TCS=394,0.0019952114924181963,0.0006501950585175553,0.3333333333333333,1.0,5.0,0.0005,global
176,TCS=29/phase=2/status=Green Termination,TCS=29,0.0019952114924181963,0.0006501950585175553,0.35714285714285715,0.5,5.0,0.0005,global
177,TCS=805/phase=2/status=Green Termination,TCS=805,0.0019952114924181963,0.0006501950585175553,0.3125,0.5,5.0,0.0005,global
178,TCS=805/phase=6/status=Green Termination,TCS=805,0.0019952114924181963,0.0006501950585175553,0.3125,0.5,5.0,0.0005,global
179,TCS=807/phase=4/status=Green Termination,TCS=807,0.0019952114924181963,0.0006501950585175553,0.3333333333333333,0.5,5.0,0.0005,global
180,TCS=807/phase=8/status=Green Termination,TCS=807,0.0019952114924181963,0.0006501950585175553,0.3333333333333333,0.5,5.0,0.0005,global
181,TCS=821/phase=4/status=Green Termination,TCS=821,0.0019952114924181963,0.0006501950585175553,0.2777777777777778,0.35714285714285715,5.0,0.0005,global
182,TCS=821/phase=8/status=Green Termination,TCS=821,0.0019952114924181963,0.0006501950585175553,0.2777777777777778,0.35714285714285715,5.0,0.0005,global
183,TCS=29/phase=6/status=Green Termination,TCS=29,0.0019952114924181963,0.0006501950585175553,0.35714285714285715,0.5,5.0,0.0005,global
184,TCS=371/phase=4/status=Green Termination,TCS=371,0.0019952114924181963,0.0006501950585175553,0.2777777777777778,0.2777777777777778,5.0,0.0005,global
185,TCS=424/phase=2/status=Green Termination,TCS=424,0.0019952114924181963,0.0006501950585175553,0.3125,0.5,5.0,0.0005,global
186,TCS=371/phase=8/status=Green Termination,TCS=371,0.0019952114924181963,0.0006501950585175553,0.2777777777777778,0.2777777777777778,5.0,0.0005,global
187,TCS=831/phase=4/status=Green Termination,TCS=831,0.0019952114924181963,0.0006501950585175553,0.35714285714285715,0.5,5.0,0.0005,global
188,TCS=831/phase=8/status=Green Termination,TCS=831,0.0019952114924181963,0.0006501950585175553,0.35714285714285715,0.5,5.0,0.0005,global
189,TCS=833/phase=4/status=Green Termination,TCS=833,0.0019952114924181963,0.0006501950585175553,0.4166666666666667,0.5,5.0,0.0005,global
190,TCS=833/phase=8/status=Green Termination,TCS=833,0.0019952114924181963,0.0006501950585175553,0.4166666666666667,0.5,5.0,0.0005,global
191,TCS=836/phase=4/status=Green Termination,TCS=836,0.0019952114924181963,0.0006501950585175553,0.2631578947368421,0.5,5.0,0.0005,global
192,TCS=836/phase=8/status=Green Termination,TCS=836,0.0019952114924181963,0.0006501950585175553,0.2631578947368421,0.5,5.0,0.0005,global
193,TCS=424/phase=6/status=Green Termination,TCS=424,0.0019952114924181963,0.0006501950585175553,0.3125,0.5,5.0,0.0005,global
194,TCS=31/phase=1/status=Green Termination,TCS=31,0.0019952114924181963,0.0006501950585175553,0.2777777777777778,0.2777777777777778,5.0,0.0005,global
195,TCS=851/phase=4/status=Green Termination,TCS=851,0.0019952114924181963,0.0006501950585175553,0.4166666666666667,0.5,5.0,0.0005,global
196,TCS=851/phase=8/status=Green Termination,TCS=851,0.0019952114924181963,0.0006501950585175553,0.4166666666666667,0.5,5.0,0.0005,global
197,TCS=852/phase=2/status=Green Termination,TCS=852,0.0019952114924181963,0.0006501950585175553,0.3125,0.5,5.0,0.0005,global
198,TCS=852/phase=6/status=Green Termination,TCS=852,0.0019952114924181963,0.0006501950585175553,0.3125,0.5,5.0,0.0005,global
199,TCS=31/phase=5/status=Green Termination,TCS=31,0.0019952114924181963,0.0006501950585175553,0.2777777777777778,0.2777777777777778,5.0,0.0005,global
200,TCS=36/phase=4/status=Green Termination,TCS=36,0.0019952114924181963,0.0006501950585175553,0.25,0.5,5.0,0.0005,global
201,TCS=885/phase=4/status=Green Termination,TCS=885,0.0019952114924181963,0.0006501950585175553,0.35714285714285715,0.5,5.0,0.0005,global
202,TCS=885/phase=8/status=Green Termination,TCS=885,0.0019952114924181963,0.0006501950585175553,0.35714285714285715,0.5,5.0,0.0005,global
203,TCS=890/phase=2/status=Green Termination,TCS=890,0.0019952114924181963,0.0006501950585175553,0.29411764705882354,0.5,5.0,0.0005,global
204,TCS=890/phase=6/status=Green Termination,TCS=890,0.0019952114924181963,0.0006501950585175553,0.29411764705882354,0.5,5.0,0.0005,global
205,TCS=900/phase=2/status=Green Termination,TCS=900,0.0019952114924181963,0.0006501950585175553,0.3125,0.5,5.0,0.0005,global
206,TCS=900/phase=6/status=Green Termination,TCS=900,0.0019952114924181963,0.0006501950585175553,0.3125,0.5,5.0,0.0005,global
207,TCS=903/phase=4/status=Green Termination,TCS=903,0.0019952114924181963,0.0006501950585175553,0.3125,0.5,5.0,0.0005,global
208,TCS=903/phase=8/status=Green Termination,TCS=903,0.0019952114924181963,0.0006501950585175553,0.3125,0.5,5.0,0.0005,global
209,TCS=917/phase=4/status=Green Termination,TCS=917,0.0019952114924181963,0.0006501950585175553,0.2777777777777778,0.5,5.0,0.0005,global
210,TCS=917/phase=8/status=Green Termination,TCS=917,0.0019952114924181963,0.0006501950585175553,0.2777777777777778,0.5,5.0,0.0005,global
211,TCS=922/phase=4/status=Green Termination,TCS=922,0.0019952114924181963,0.0006501950585175553,0.4166666666666667,0.5,5.0,0.0005,global
212,TCS=922/phase=8/status=Green Termination,TCS=922,0.0019952114924181963,0.0006501950585175553,0.4166666666666667,0.5,5.0,0.0005,global
213,TCS=936/phase=4/status=Green Termination,TCS=936,0.0019952114924181963,0.0006501950585175553,0.4166666666666667,0.5,5.0,0.0005,global
214,TCS=936/phase=8/status=Green Termination,TCS=936,0.0019952114924181963,0.0006501950585175553,0.4166666666666667,0.5,5.0,0.0005,global
215,TCS=940/phase=4/status=Green Termination,TCS=940,0.0019952114924181963,0.0006501950585175553,0.35714285714285715,0.5,5.0,0.0005,global
216,TCS=940/phase=8/status=Green Termination,TCS=940,0.0019952114924181963,0.0006501950585175553,0.35714285714285715,0.5,5.0,0.0005,global
217,TCS=951/phase=2/status=Green Termination,TCS=951,0.0019952114924181963,0.0006501950585175553,0.4166666666666667,0.5,5.0,0.0005,global
218,TCS=951/phase=6/status=Green Termination,TCS=951,0.0019952114924181963,0.0006501950585175553,0.4166666666666667,0.5,5.0,0.0005,global
219,TCS=952/phase=4/status=Green Termination,TCS=952,0.0019952114924181963,0.0006501950585175553,0.35714285714285715,0.5,5.0,0.0005,global
220,TCS=952/phase=8/status=Green Termination,TCS=952,0.0019952114924181963,0.0006501950585175553,0.35714285714285715,0.5,5.0,0.0005,global
221,TCS=972/phase=2/status=Green Termination,TCS=972,0.0019952114924181963,0.0006501950585175553,0.2777777777777778,0.2777777777777778,5.0,0.0005,global
222,TCS=972/phase=6/status=Green Termination,TCS=972,0.0019952114924181963,0.0006501950585175553,0.2777777777777778,0.2777777777777778,5.0,0.0005,global
223,TCS=977/phase=2/status=Green Termination,TCS=977,0.0019952114924181963,0.0006501950585175553,0.35714285714285715,0.5,5.0,0.0005,global
224,TCS=977/phase=6/status=Green Termination,TCS=977,0.0019952114924181963,0.0006501950585175553,0.35714285714285715,0.5,5.0,0.0005,global
225,TCS=301/phase=8/status=Green Termination,TCS=301,0.0015961691939345571,0.0005201560468140442,0.26666666666666666,0.5,4.0,0.0005,global
226,TCS=303/phase=4/status=Green Termination,TCS=303,0.0015961691939345571,0.0005201560468140442,0.26666666666666666,0.3333333333333333,4.0,0.0005,global
227,TCS=303/phase=8/status=Green Termination,TCS=303,0.0015961691939345571,0.0005201560468140442,0.26666666666666666,0.3333333333333333,4.0,0.0005,global
228,TCS=303/phase=10/status=Green Termination,TCS=303,0.0015961691939345571,0.0005201560468140442,0.26666666666666666,0.3333333333333333,4.0,0.0005,global
229,TCS=318/phase=3/status=Green Termination,TCS=318,0.0015961691939345571,0.0005201560468140442,0.4,0.5,4.0,0.0005,global
230,TCS=318/phase=7/status=Green Termination,TCS=318,0.0015961691939345571,0.0005201560468140442,0.4,0.5,4.0,0.0005,global
231,TCS=326/phase=2/status=Green Termination,TCS=326,0.0015961691939345571,0.0005201560468140442,0.36363636363636365,0.5,4.0,0.0005,global
232,TCS=326/phase=6/status=Green Termination,TCS=326,0.0015961691939345571,0.0005201560468140442,0.36363636363636365,0.5,4.0,0.0005,global
233,TCS=327/phase=3/status=Green Termination,TCS=327,0.0015961691939345571,0.0005201560468140442,0.3333333333333333,1.0,4.0,0.0005,global
234,TCS=336/phase=4/status=Green Termination,TCS=336,0.0015961691939345571,0.0005201560468140442,0.6666666666666666,1.0,4.0,0.0005,global
235,TCS=338/phase=2/status=Green Termination,TCS=338,0.0015961691939345571,0.0005201560468140442,0.2857142857142857,0.5,4.0,0.0005,global
236,TCS=338/phase=6/status=Green Termination,TCS=338,0.0015961691939345571,0.0005201560468140442,0.2857142857142857,0.5,4.0,0.0005,global
237,TCS=349/phase=2/status=Green Termination,TCS=349,0.0015961691939345571,0.0005201560468140442,0.3076923076923077,0.5,4.0,0.0005,global
238,TCS=349/phase=6/status=Green Termination,TCS=349,0.0015961691939345571,0.0005201560468140442,0.3076923076923077,0.5,4.0,0.0005,global
239,TCS=367/phase=4/status=Green Termination,TCS=367,0.0015961691939345571,0.0005201560468140442,0.2857142857142857,0.5,4.0,0.0005,global
240,TCS=367/phase=8/status=Green Termination,TCS=367,0.0015961691939345571,0.0005201560468140442,0.2857142857142857,0.5,4.0,0.0005,global
241,TCS=371/phase=2/status=Green Termination,TCS=371,0.0015961691939345571,0.0005201560468140442,0.2222222222222222,0.2222222222222222,4.0,0.0005,global
242,TCS=371/phase=6/status=Green Termination,TCS=371,0.0015961691939345571,0.0005201560468140442,0.2222222222222222,0.2222222222222222,4.0,0.0005,global
243,TCS=373/phase=4/status=Green Termination,TCS=373,0.0015961691939345571,0.0005201560468140442,0.3333333333333333,0.5,4.0,0.0005,global
244,TCS=373/phase=8/status=Green Termination,TCS=373,0.0015961691939345571,0.0005201560468140442,0.3333333333333333,0.5,4.0,0.0005,global
245,TCS=375/phase=4/status=Green Termination,TCS=375,0.0015961691939345571,0.0005201560468140442,0.5,0.5,4.0,0.0005,global
246,TCS=375/phase=8/status=Green Termination,TCS=375,0.0015961691939345571,0.0005201560468140442,0.5,0.5,4.0,0.0005,global
247,TCS=380/phase=3/status=Green Termination,TCS=380,0.0015961691939345571,0.0005201560468140442,0.23529411764705882,0.5,4.0,0.0005,global
248,TCS=380/phase=7/status=Green Termination,TCS=380,0.0015961691939345571,0.0005201560468140442,0.23529411764705882,0.5,4.0,0.0005,global
249,TCS=387/phase=4/status=Green Termination,TCS=387,0.0015961691939345571,0.0005201560468140442,0.26666666666666666,0.5,4.0,0.0005,global
250,TCS=387/phase=8/status=Green Termination,TCS=387,0.0015961691939345571,0.0005201560468140442,0.26666666666666666,0.5,4.0,0.0005,global
251,TCS=389/phase=2/status=Green Termination,TCS=389,0.0015961691939345571,0.0005201560468140442,0.26666666666666666,0.5,4.0,0.0005,global
252,TCS=389/phase=6/status=Green Termination,TCS=389,0.0015961691939345571,0.0005201560468140442,0.26666666666666666,0.5,4.0,0.0005,global
253,TCS=391/phase=2/status=Green Termination,TCS=391,0.0015961691939345571,0.0005201560468140442,0.23529411764705882,0.25,4.0,0.0005,global
254,TCS=391/phase=4/status=Green Termination,TCS=391,0.0015961691939345571,0.0005201560468140442,0.23529411764705882,0.25,4.0,0.0005,global
255,TCS=391/phase=6/status=Green Termination,TCS=391,0.0015961691939345571,0.0005201560468140442,0.23529411764705882,0.25,4.0,0.0005,global
256,TCS=391/phase=8/status=Green Termination,TCS=391,0.0015961691939345571,0.0005201560468140442,0.23529411764705882,0.25,4.0,0.0005,global
257,TCS=404/phase=4/status=Green Termination,TCS=404,0.0015961691939345571,0.0005201560468140442,0.3333333333333333,0.5,4.0,0.0005,global
258,TCS=404/phase=8/status=Green Termination,TCS=404,0.0015961691939345571,0.0005201560468140442,0.3333333333333333,0.5,4.0,0.0005,global
259,TCS=405/phase=4/status=Green Termination,TCS=405,0.0015961691939345571,0.0005201560468140442,0.5,1.0,4.0,0.0005,global
260,TCS=427/phase=2/status=Green Termination,TCS=427,0.0015961691939345571,0.0005201560468140442,0.26666666666666666,0.5,4.0,0.0005,global
261,TCS=427/phase=6/status=Green Termination,TCS=427,0.0015961691939345571,0.0005201560468140442,0.26666666666666666,0.5,4.0,0.0005,global
262,TCS=431/phase=5/status=Green Termination,TCS=431,0.0015961691939345571,0.0005201560468140442,0.4,1.0,4.0,0.0005,global
263,TCS=435/phase=5/status=Green Termination,TCS=435,0.0015961691939345571,0.0005201560468140442,0.2857142857142857,1.0,4.0,0.0005,global
264,TCS=440/phase=2/status=Green Termination,TCS=440,0.0015961691939345571,0.0005201560468140442,0.23529411764705882,0.25,4.0,0.0005,global
265,TCS=440/phase=4/status=Green Termination,TCS=440,0.0015961691939345571,0.0005201560468140442,0.23529411764705882,0.25,4.0,0.0005,global
266,TCS=440/phase=6/status=Green Termination,TCS=440,0.0015961691939345571,0.0005201560468140442,0.23529411764705882,0.25,4.0,0.0005,global
267,TCS=440/phase=8/status=Green Termination,TCS=440,0.0015961691939345571,0.0005201560468140442,0.23529411764705882,0.25,4.0,0.0005,global
268,TCS=442/phase=4/status=Green Termination,TCS=442,0.0015961691939345571,0.0005201560468140442,0.4444444444444444,0.5,4.0,0.0005,global
269,TCS=442/phase=8/status=Green Termination,TCS=442,0.0015961691939345571,0.0005201560468140442,0.4444444444444444,0.5,4.0,0.0005,global
270,TCS=443/phase=2/status=Green Termination,TCS=443,0.0015961691939345571,0.0005201560468140442,0.21052631578947367,0.3333333333333333,4.0,0.0005,global
271,TCS=443/phase=3/status=Green Termination,TCS=443,0.0015961691939345571,0.0005201560468140442,0.21052631578947367,0.3333333333333333,4.0,0.0005,global
272,TCS=443/phase=6/status=Green Termination,TCS=443,0.0015961691939345571,0.0005201560468140442,0.21052631578947367,0.3333333333333333,4.0,0.0005,global
273,TCS=81/phase=8/status=Green Termination,TCS=81,0.0015961691939345571,0.0005201560468140442,0.2857142857142857,0.5,4.0,0.0005,global
274,TCS=447/phase=8/status=Green Termination,TCS=447,0.0015961691939345571,0.0005201560468140442,0.26666666666666666,0.2857142857142857,4.0,0.0005,global
275,TCS=462/phase=5/status=Green Termination,TCS=462,0.0015961691939345571,0.0005201560468140442,0.25,1.0,4.0,0.0005,global
276,TCS=472/phase=7/status=Green Termination,TCS=472,0.0015961691939345571,0.0005201560468140442,0.4444444444444444,1.0,4.0,0.0005,global
277,TCS=1000/phase=6/status=Green Termination,TCS=1000,0.0015961691939345571,0.0005201560468140442,0.3333333333333333,0.5,4.0,0.0005,global
278,TCS=964/phase=6/status=Green Termination,TCS=964,0.0015961691939345571,0.0005201560468140442,0.4,0.5,4.0,0.0005,global
279,TCS=3/phase=8/status=Green Termination,TCS=3,0.0015961691939345571,0.0005201560468140442,0.2,0.2222222222222222,4.0,0.0005,global
280,TCS=4/phase=4/status=Green Termination,TCS=4,0.0015961691939345571,0.0005201560468140442,0.23529411764705882,0.3333333333333333,4.0,0.0005,global
281,TCS=480/phase=3/status=Green Termination,TCS=480,0.0015961691939345571,0.0005201560468140442,0.4,1.0,4.0,0.0005,global
282,TCS=4/phase=7/status=Green Termination,TCS=4,0.0015961691939345571,0.0005201560468140442,0.23529411764705882,0.3333333333333333,4.0,0.0005,global
283,TCS=490/phase=5/status=Green Termination,TCS=490,0.0015961691939345571,0.0005201560468140442,0.25,0.4444444444444444,4.0,0.0005,global
284,TCS=4/phase=8/status=Green Termination,TCS=4,0.0015961691939345571,0.0005201560468140442,0.23529411764705882,0.3333333333333333,4.0,0.0005,global
285,TCS=16/phase=2/status=Green Termination,TCS=16,0.0015961691939345571,0.0005201560468140442,0.2222222222222222,0.5,4.0,0.0005,global
286,TCS=494/phase=4/status=Green Termination,TCS=494,0.0015961691939345571,0.0005201560468140442,0.3076923076923077,0.5,4.0,0.0005,global
287,TCS=494/phase=8/status=Green Termination,TCS=494,0.0015961691939345571,0.0005201560468140442,0.3076923076923077,0.5,4.0,0.0005,global
288,TCS=495/phase=2/status=Green Termination,TCS=495,0.0015961691939345571,0.0005201560468140442,0.4444444444444444,0.5,4.0,0.0005,global
289,TCS=495/phase=6/status=Green Termination,TCS=495,0.0015961691939345571,0.0005201560468140442,0.4444444444444444,0.5,4.0,0.0005,global
290,TCS=500/phase=5/status=Green Termination,TCS=500,0.0015961691939345571,0.0005201560468140442,0.3333333333333333,1.0,4.0,0.0005,global
291,TCS=509/phase=2/status=Green Termination,TCS=509,0.0015961691939345571,0.0005201560468140442,0.4,0.5,4.0,0.0005,global
292,TCS=509/phase=6/status=Green Termination,TCS=509,0.0015961691939345571,0.0005201560468140442,0.4,0.5,4.0,0.0005,global
293,TCS=513/phase=2/status=Green Termination,TCS=513,0.0015961691939345571,0.0005201560468140442,0.3333333333333333,0.5,4.0,0.0005,global
294,TCS=513/phase=6/status=Green Termination,TCS=513,0.0015961691939345571,0.0005201560468140442,0.3333333333333333,0.5,4.0,0.0005,global
295,TCS=16/phase=6/status=Green Termination,TCS=16,0.0015961691939345571,0.0005201560468140442,0.2222222222222222,0.5,4.0,0.0005,global
296,TCS=20/phase=4/status=Green Termination,TCS=20,0.0015961691939345571,0.0005201560468140442,0.3333333333333333,0.5,4.0,0.0005,global
297,TCS=20/phase=8/status=Green Termination,TCS=20,0.0015961691939345571,0.0005201560468140442,0.3333333333333333,0.5,4.0,0.0005,global
298,TCS=3/phase=4/status=Green Termination,TCS=3,0.0015961691939345571,0.0005201560468140442,0.2,0.2222222222222222,4.0,0.0005,global
299,TCS=524/phase=4/status=Green Termination,TCS=524,0.0015961691939345571,0.0005201560468140442,0.3333333333333333,0.5,4.0,0.0005,global
300,TCS=524/phase=8/status=Green Termination,TCS=524,0.0015961691939345571,0.0005201560468140442,0.3333333333333333,0.5,4.0,0.0005,global
301,TCS=525/phase=4/status=Green Termination,TCS=525,0.0015961691939345571,0.0005201560468140442,0.4444444444444444,0.5,4.0,0.0005,global
302,TCS=525/phase=8/status=Green Termination,TCS=525,0.0015961691939345571,0.0005201560468140442,0.4444444444444444,0.5,4.0,0.0005,global
303,TCS=23/phase=6/status=Green Termination,TCS=23,0.0015961691939345571,0.0005201560468140442,0.2857142857142857,0.5,4.0,0.0005,global
304,TCS=24/phase=4/status=Green Termination,TCS=24,0.0015961691939345571,0.0005201560468140442,0.2857142857142857,0.5,4.0,0.0005,global
305,TCS=536/phase=2/status=Green Termination,TCS=536,0.0015961691939345571,0.0005201560468140442,0.3076923076923077,0.5,4.0,0.0005,global
306,TCS=536/phase=6/status=Green Termination,TCS=536,0.0015961691939345571,0.0005201560468140442,0.3076923076923077,0.5,4.0,0.0005,global
307,TCS=538/phase=4/status=Green Termination,TCS=538,0.0015961691939345571,0.0005201560468140442,0.5,0.5,4.0,0.0005,global
308,TCS=538/phase=8/status=Green Termination,TCS=538,0.0015961691939345571,0.0005201560468140442,0.5,0.5,4.0,0.0005,global
309,TCS=539/phase=4/status=Green Termination,TCS=539,0.0015961691939345571,0.0005201560468140442,0.2857142857142857,0.5,4.0,0.0005,global
310,TCS=539/phase=8/status=Green Termination,TCS=539,0.0015961691939345571,0.0005201560468140442,0.2857142857142857,0.5,4.0,0.0005,global
311,TCS=543/phase=4/status=Green Termination,TCS=543,0.0015961691939345571,0.0005201560468140442,0.4,0.5,4.0,0.0005,global
312,TCS=543/phase=8/status=Green Termination,TCS=543,0.0015961691939345571,0.0005201560468140442,0.4,0.5,4.0,0.0005,global
313,TCS=545/phase=2/status=Green Termination,TCS=545,0.0015961691939345571,0.0005201560468140442,0.5,0.5,4.0,0.0005,global
314,TCS=545/phase=6/status=Green Termination,TCS=545,0.0015961691939345571,0.0005201560468140442,0.5,0.5,4.0,0.0005,global
315,TCS=24/phase=8/status=Green Termination,TCS=24,0.0015961691939345571,0.0005201560468140442,0.2857142857142857,0.5,4.0,0.0005,global
316,TCS=556/phase=2/status=Green Termination,TCS=556,0.0015961691939345571,0.0005201560468140442,0.5,0.5,4.0,0.0005,global
317,TCS=556/phase=6/status=Green Termination,TCS=556,0.0015961691939345571,0.0005201560468140442,0.5,0.5,4.0,0.0005,global
318,TCS=573/phase=2/status=Green Termination,TCS=573,0.0015961691939345571,0.0005201560468140442,0.5,0.5,4.0,0.0005,global
319,TCS=573/phase=6/status=Green Termination,TCS=573,0.0015961691939345571,0.0005201560468140442,0.5,0.5,4.0,0.0005,global
320,TCS=574/phase=2/status=Green Termination,TCS=574,0.0015961691939345571,0.0005201560468140442,0.3333333333333333,0.5,4.0,0.0005,global
321,TCS=574/phase=6/status=Green Termination,TCS=574,0.0015961691939345571,0.0005201560468140442,0.3333333333333333,0.5,4.0,0.0005,global
322,TCS=580/phase=2/status=Green Termination,TCS=580,0.0015961691939345571,0.0005201560468140442,0.2857142857142857,0.5,4.0,0.0005,global
323,TCS=580/phase=6/status=Green Termination,TCS=580,0.0015961691939345571,0.0005201560468140442,0.2857142857142857,0.5,4.0,0.0005,global
324,TCS=581/phase=1/status=Green Termination,TCS=581,0.0015961691939345571,0.0005201560468140442,0.5,1.0,4.0,0.0005,global
325,TCS=584/phase=2/status=Green Termination,TCS=584,0.0015961691939345571,0.0005201560468140442,0.25,0.3333333333333333,4.0,0.0005,global
326,TCS=584/phase=6/status=Green Termination,TCS=584,0.0015961691939345571,0.0005201560468140442,0.25,0.3333333333333333,4.0,0.0005,global
327,TCS=584/phase=9/status=Green Termination,TCS=584,0.0015961691939345571,0.0005201560468140442,0.25,0.3333333333333333,4.0,0.0005,global
328,TCS=25/phase=2/status=Green Termination,TCS=25,0.0015961691939345571,0.0005201560468140442,0.16666666666666666,0.3333333333333333,4.0,0.0005,global
329,TCS=25/phase=6/status=Green Termination,TCS=25,0.0015961691939345571,0.0005201560468140442,0.16666666666666666,0.3333333333333333,4.0,0.0005,global
330,TCS=25/phase=9/status=Green Termination,TCS=25,0.0015961691939345571,0.0005201560468140442,0.16666666666666666,0.3333333333333333,4.0,0.0005,global
331,TCS=587/phase=5/status=Green Termination,TCS=587,0.0015961691939345571,0.0005201560468140442,0.2857142857142857,1.0,4.0,0.0005,global
332,TCS=27/phase=8/status=Green Termination,TCS=27,0.0015961691939345571,0.0005201560468140442,1.0,1.0,4.0,0.0005,global
333,TCS=30/phase=2/status=Green Termination,TCS=30,0.0015961691939345571,0.0005201560468140442,0.23529411764705882,0.25,4.0,0.0005,global
334,TCS=598/phase=4/status=Green Termination,TCS=598,0.0015961691939345571,0.0005201560468140442,0.5,0.5,4.0,0.0005,global
335,TCS=598/phase=8/status=Green Termination,TCS=598,0.0015961691939345571,0.0005201560468140442,0.5,0.5,4.0,0.0005,global
336,TCS=30/phase=4/status=Green Termination,TCS=30,0.0015961691939345571,0.0005201560468140442,0.23529411764705882,0.25,4.0,0.0005,global
337,TCS=30/phase=6/status=Green Termination,TCS=30,0.0015961691939345571,0.0005201560468140442,0.23529411764705882,0.25,4.0,0.0005,global
338,TCS=30/phase=8/status=Green Termination,TCS=30,0.0015961691939345571,0.0005201560468140442,0.23529411764705882,0.25,4.0,0.0005,global
339,TCS=31/phase=4/status=Green Termination,TCS=31,0.0015961691939345571,0.0005201560468140442,0.2222222222222222,0.2222222222222222,4.0,0.0005,global
340,TCS=607/phase=4/status=Green Termination,TCS=607,0.0015961691939345571,0.0005201560468140442,0.4,0.5,4.0,0.0005,global
341,TCS=607/phase=8/status=Green Termination,TCS=607,0.0015961691939345571,0.0005201560468140442,0.4,0.5,4.0,0.0005,global
342,TCS=31/phase=8/status=Green Termination,TCS=31,0.0015961691939345571,0.0005201560468140442,0.2222222222222222,0.2222222222222222,4.0,0.0005,global
343,TCS=32/phase=7/status=Green Termination,TCS=32,0.0015961691939345571,0.0005201560468140442,0.3333333333333333,1.0,4.0,0.0005,global
344,TCS=39/phase=2/status=Green Termination,TCS=39,0.0015961691939345571,0.0005201560468140442,0.3333333333333333,0.5,4.0,0.0005,global
345,TCS=610/phase=4/status=Green Termination,TCS=610,0.0015961691939345571,0.0005201560468140442,0.2,0.2,4.0,0.0005,global
346,TCS=39/phase=6/status=Green Termination,TCS=39,0.0015961691939345571,0.0005201560468140442,0.3333333333333333,0.5,4.0,0.0005,global
347,TCS=610/phase=8/status=Green Termination,TCS=610,0.0015961691939345571,0.0005201560468140442,0.2,0.2,4.0,0.0005,global
348,TCS=611/phase=4/status=Green Termination,TCS=611,0.0015961691939345571,0.0005201560468140442,0.2857142857142857,0.5,4.0,0.0005,global
349,TCS=611/phase=8/status=Green Termination,TCS=611,0.0015961691939345571,0.0005201560468140442,0.2857142857142857,0.5,4.0,0.0005,global
350,TCS=614/phase=4/status=Green Termination,TCS=614,0.0015961691939345571,0.0005201560468140442,0.3333333333333333,0.5,4.0,0.0005,global
351,TCS=614/phase=8/status=Green Termination,TCS=614,0.0015961691939345571,0.0005201560468140442,0.3333333333333333,0.5,4.0,0.0005,global
352,TCS=633/phase=2/status=Green Termination,TCS=633,0.0015961691939345571,0.0005201560468140442,0.4,0.5,4.0,0.0005,global
353,TCS=633/phase=6/status=Green Termination,TCS=633,0.0015961691939345571,0.0005201560468140442,0.4,0.5,4.0,0.0005,global
354,TCS=635/phase=2/status=Green Termination,TCS=635,0.0015961691939345571,0.0005201560468140442,0.25,0.25,4.0,0.0005,global
355,TCS=635/phase=4/status=Green Termination,TCS=635,0.0015961691939345571,0.0005201560468140442,0.25,0.25,4.0,0.0005,global
356,TCS=635/phase=6/status=Green Termination,TCS=635,0.0015961691939345571,0.0005201560468140442,0.25,0.25,4.0,0.0005,global
357,TCS=635/phase=8/status=Green Termination,TCS=635,0.0015961691939345571,0.0005201560468140442,0.25,0.25,4.0,0.0005,global
358,TCS=43/phase=2/status=Green Termination,TCS=43,0.0015961691939345571,0.0005201560468140442,0.5,0.5,4.0,0.0005,global
359,TCS=43/phase=6/status=Green Termination,TCS=43,0.0015961691939345571,0.0005201560468140442,0.5,0.5,4.0,0.0005,global
360,TCS=60/phase=4/status=Green Termination,TCS=60,0.0015961691939345571,0.0005201560468140442,0.2857142857142857,0.5,4.0,0.0005,global
361,TCS=60/phase=8/status=Green Termination,TCS=60,0.0015961691939345571,0.0005201560468140442,0.2857142857142857,0.5,4.0,0.0005,global
362,TCS=658/phase=2/status=Green Termination,TCS=658,0.0015961691939345571,0.0005201560468140442,0.25,0.25,4.0,0.0005,global
363,TCS=658/phase=4/status=Green Termination,TCS=658,0.0015961691939345571,0.0005201560468140442,0.25,0.25,4.0,0.0005,global
364,TCS=658/phase=6/status=Green Termination,TCS=658,0.0015961691939345571,0.0005201560468140442,0.25,0.25,4.0,0.0005,global
365,TCS=658/phase=8/status=Green Termination,TCS=658,0.0015961691939345571,0.0005201560468140442,0.25,0.25,4.0,0.0005,global
366,TCS=659/phase=2/status=Green Termination,TCS=659,0.0015961691939345571,0.0005201560468140442,0.4,0.5,4.0,0.0005,global
367,TCS=659/phase=6/status=Green Termination,TCS=659,0.0015961691939345571,0.0005201560468140442,0.4,0.5,4.0,0.0005,global
368,TCS=663/phase=4/status=Green Termination,TCS=663,0.0015961691939345571,0.0005201560468140442,0.5,0.5,4.0,0.0005,global
369,TCS=663/phase=8/status=Green Termination,TCS=663,0.0015961691939345571,0.0005201560468140442,0.5,0.5,4.0,0.0005,global
370,TCS=72/phase=4/status=Green Termination,TCS=72,0.0015961691939345571,0.0005201560468140442,0.3333333333333333,0.5,4.0,0.0005,global
371,TCS=664/phase=4/status=Green Termination,TCS=664,0.0015961691939345571,0.0005201560468140442,0.2222222222222222,0.2222222222222222,4.0,0.0005,global
372,TCS=72/phase=8/status=Green Termination,TCS=72,0.0015961691939345571,0.0005201560468140442,0.3333333333333333,0.5,4.0,0.0005,global
373,TCS=664/phase=8/status=Green Termination,TCS=664,0.0015961691939345571,0.0005201560468140442,0.2222222222222222,0.2222222222222222,4.0,0.0005,global
374,TCS=666/phase=4/status=Green Termination,TCS=666,0.0015961691939345571,0.0005201560468140442,0.3333333333333333,0.5,4.0,0.0005,global
375,TCS=666/phase=8/status=Green Termination,TCS=666,0.0015961691939345571,0.0005201560468140442,0.3333333333333333,0.5,4.0,0.0005,global
376,TCS=667/phase=2/status=Green Termination,TCS=667,0.0015961691939345571,0.0005201560468140442,0.2857142857142857,0.5,4.0,0.0005,global
377,TCS=667/phase=6/status=Green Termination,TCS=667,0.0015961691939345571,0.0005201560468140442,0.2857142857142857,0.5,4.0,0.0005,global
378,TCS=73/phase=2/status=Green Termination,TCS=73,0.0015961691939345571,0.0005201560468140442,0.4444444444444444,0.5,4.0,0.0005,global
379,TCS=73/phase=6/status=Green Termination,TCS=73,0.0015961691939345571,0.0005201560468140442,0.4444444444444444,0.5,4.0,0.0005,global
380,TCS=81/phase=4/status=Green Termination,TCS=81,0.0015961691939345571,0.0005201560468140442,0.2857142857142857,0.5,4.0,0.0005,global
381,TCS=85/phase=2/status=Green Termination,TCS=85,0.0015961691939345571,0.0005201560468140442,0.3333333333333333,0.5,4.0,0.0005,global
382,TCS=85/phase=6/status=Green Termination,TCS=85,0.0015961691939345571,0.0005201560468140442,0.3333333333333333,0.5,4.0,0.0005,global
383,TCS=92/phase=2/status=Green Termination,TCS=92,0.0015961691939345571,0.0005201560468140442,0.4,0.5,4.0,0.0005,global
384,TCS=678/phase=1/status=Green Termination,TCS=678,0.0015961691939345571,0.0005201560468140442,0.25,0.5,4.0,0.0005,global
385,TCS=678/phase=5/status=Green Termination,TCS=678,0.0015961691939345571,0.0005201560468140442,0.25,0.5,4.0,0.0005,global
386,TCS=679/phase=4/status=Green Termination,TCS=679,0.0015961691939345571,0.0005201560468140442,0.2857142857142857,0.5,4.0,0.0005,global
387,TCS=679/phase=8/status=Green Termination,TCS=679,0.0015961691939345571,0.0005201560468140442,0.2857142857142857,0.5,4.0,0.0005,global
388,TCS=92/phase=6/status=Green Termination,TCS=92,0.0015961691939345571,0.0005201560468140442,0.4,0.5,4.0,0.0005,global
389,TCS=93/phase=4/status=Green Termination,TCS=93,0.0015961691939345571,0.0005201560468140442,0.3333333333333333,0.5,4.0,0.0005,global
390,TCS=93/phase=8/status=Green Termination,TCS=93,0.0015961691939345571,0.0005201560468140442,0.3333333333333333,0.5,4.0,0.0005,global
391,TCS=97/phase=2/status=Green Termination,TCS=97,0.0015961691939345571,0.0005201560468140442,0.36363636363636365,0.5,4.0,0.0005,global
392,TCS=97/phase=6/status=Green Termination,TCS=97,0.0015961691939345571,0.0005201560468140442,0.36363636363636365,0.5,4.0,0.0005,global
393,TCS=101/phase=4/status=Green Termination,TCS=101,0.0015961691939345571,0.0005201560468140442,0.4,0.5,4.0,0.0005,global
394,TCS=691/phase=5/status=Green Termination,TCS=691,0.0015961691939345571,0.0005201560468140442,0.2222222222222222,1.0,4.0,0.0005,global
395,TCS=692/phase=2/status=Green Termination,TCS=692,0.0015961691939345571,0.0005201560468140442,0.26666666666666666,0.5,4.0,0.0005,global
396,TCS=692/phase=6/status=Green Termination,TCS=692,0.0015961691939345571,0.0005201560468140442,0.26666666666666666,0.5,4.0,0.0005,global
397,TCS=694/phase=5/status=Green Termination,TCS=694,0.0015961691939345571,0.0005201560468140442,0.4444444444444444,1.0,4.0,0.0005,global
398,TCS=699/phase=4/status=Green Termination,TCS=699,0.0015961691939345571,0.0005201560468140442,0.36363636363636365,0.5,4.0,0.0005,global
399,TCS=699/phase=8/status=Green Termination,TCS=699,0.0015961691939345571,0.0005201560468140442,0.36363636363636365,0.5,4.0,0.0005,global
400,TCS=708/phase=4/status=Green Termination,TCS=708,0.0015961691939345571,0.0005201560468140442,0.2857142857142857,0.5,4.0,0.0005,global
401,TCS=708/phase=8/status=Green Termination,TCS=708,0.0015961691939345571,0.0005201560468140442,0.2857142857142857,0.5,4.0,0.0005,global
402,TCS=714/phase=5/status=Green Termination,TCS=714,0.0015961691939345571,0.0005201560468140442,0.5,1.0,4.0,0.0005,global
403,TCS=101/phase=8/status=Green Termination,TCS=101,0.0015961691939345571,0.0005201560468140442,0.4,0.5,4.0,0.0005,global
404,TCS=729/phase=2/status=Green Termination,TCS=729,0.0015961691939345571,0.0005201560468140442,0.3333333333333333,0.5,4.0,0.0005,global
405,TCS=729/phase=6/status=Green Termination,TCS=729,0.0015961691939345571,0.0005201560468140442,0.3333333333333333,0.5,4.0,0.0005,global
406,TCS=104/phase=2/status=Green Termination,TCS=104,0.0015961691939345571,0.0005201560468140442,0.2857142857142857,0.5,4.0,0.0005,global
407,TCS=104/phase=6/status=Green Termination,TCS=104,0.0015961691939345571,0.0005201560468140442,0.2857142857142857,0.5,4.0,0.0005,global
408,TCS=733/phase=4/status=Green Termination,TCS=733,0.0015961691939345571,0.0005201560468140442,0.3333333333333333,0.5,4.0,0.0005,global
409,TCS=733/phase=8/status=Green Termination,TCS=733,0.0015961691939345571,0.0005201560468140442,0.3333333333333333,0.5,4.0,0.0005,global
410,TCS=741/phase=2/status=Green Termination,TCS=741,0.0015961691939345571,0.0005201560468140442,0.25,0.5,4.0,0.0005,global
411,TCS=741/phase=6/status=Green Termination,TCS=741,0.0015961691939345571,0.0005201560468140442,0.25,0.5,4.0,0.0005,global
412,TCS=108/phase=4/status=Green Termination,TCS=108,0.0015961691939345571,0.0005201560468140442,0.2222222222222222,0.5,4.0,0.0005,global
413,TCS=108/phase=10/status=Green Termination,TCS=108,0.0015961691939345571,0.0005201560468140442,0.2222222222222222,0.5,4.0,0.0005,global
414,TCS=133/phase=2/status=Green Termination,TCS=133,0.0015961691939345571,0.0005201560468140442,0.25,0.25,4.0,0.0005,global
415,TCS=133/phase=4/status=Green Termination,TCS=133,0.0015961691939345571,0.0005201560468140442,0.25,0.25,4.0,0.0005,global
416,TCS=133/phase=6/status=Green Termination,TCS=133,0.0015961691939345571,0.0005201560468140442,0.25,0.25,4.0,0.0005,global
417,TCS=763/phase=4/status=Green Termination,TCS=763,0.0015961691939345571,0.0005201560468140442,0.36363636363636365,0.5,4.0,0.0005,global
418,TCS=763/phase=8/status=Green Termination,TCS=763,0.0015961691939345571,0.0005201560468140442,0.36363636363636365,0.5,4.0,0.0005,global
419,TCS=769/phase=2/status=Green Termination,TCS=769,0.0015961691939345571,0.0005201560468140442,0.3333333333333333,0.5,4.0,0.0005,global
420,TCS=769/phase=6/status=Green Termination,TCS=769,0.0015961691939345571,0.0005201560468140442,0.3333333333333333,0.5,4.0,0.0005,global
421,TCS=776/phase=4/status=Green Termination,TCS=776,0.0015961691939345571,0.0005201560468140442,0.2857142857142857,0.5,4.0,0.0005,global
422,TCS=776/phase=8/status=Green Termination,TCS=776,0.0015961691939345571,0.0005201560468140442,0.2857142857142857,0.5,4.0,0.0005,global
423,TCS=133/phase=8/status=Green Termination,TCS=133,0.0015961691939345571,0.0005201560468140442,0.25,0.25,4.0,0.0005,global
424,TCS=137/phase=4/status=Green Termination,TCS=137,0.0015961691939345571,0.0005201560468140442,0.18181818181818182,0.3333333333333333,4.0,0.0005,global
425,TCS=792/phase=2/status=Green Termination,TCS=792,0.0015961691939345571,0.0005201560468140442,0.4,0.5,4.0,0.0005,global
426,TCS=792/phase=6/status=Green Termination,TCS=792,0.0015961691939345571,0.0005201560468140442,0.4,0.5,4.0,0.0005,global
427,TCS=137/phase=8/status=Green Termination,TCS=137,0.0015961691939345571,0.0005201560468140442,0.18181818181818182,0.3333333333333333,4.0,0.0005,global
428,TCS=793/phase=4/status=Green Termination,TCS=793,0.0015961691939345571,0.0005201560468140442,0.2,0.2,4.0,0.0005,global
429,TCS=137/phase=10/status=Green Termination,TCS=137,0.0015961691939345571,0.0005201560468140442,0.18181818181818182,0.3333333333333333,4.0,0.0005,global
430,TCS=793/phase=8/status=Green Termination,TCS=793,0.0015961691939345571,0.0005201560468140442,0.2,0.2,4.0,0.0005,global
431,TCS=797/phase=2/status=Green Termination,TCS=797,0.0015961691939345571,0.0005201560468140442,0.36363636363636365,0.5,4.0,0.0005,global
432,TCS=797/phase=6/status=Green Termination,TCS=797,0.0015961691939345571,0.0005201560468140442,0.36363636363636365,0.5,4.0,0.0005,global
433,TCS=139/phase=2/status=Green Termination,TCS=139,0.0015961691939345571,0.0005201560468140442,0.4,0.5,4.0,0.0005,global
434,TCS=139/phase=6/status=Green Termination,TCS=139,0.0015961691939345571,0.0005201560468140442,0.4,0.5,4.0,0.0005,global
435,TCS=157/phase=2/status=Green Termination,TCS=157,0.0015961691939345571,0.0005201560468140442,0.4,0.5,4.0,0.0005,global
436,TCS=157/phase=6/status=Green Termination,TCS=157,0.0015961691939345571,0.0005201560468140442,0.4,0.5,4.0,0.0005,global
437,TCS=813/phase=2/status=Green Termination,TCS=813,0.0015961691939345571,0.0005201560468140442,0.23529411764705882,0.5,4.0,0.0005,global
438,TCS=813/phase=6/status=Green Termination,TCS=813,0.0015961691939345571,0.0005201560468140442,0.23529411764705882,0.5,4.0,0.0005,global
439,TCS=815/phase=2/status=Green Termination,TCS=815,0.0015961691939345571,0.0005201560468140442,0.4,0.5,4.0,0.0005,global
440,TCS=815/phase=6/status=Green Termination,TCS=815,0.0015961691939345571,0.0005201560468140442,0.4,0.5,4.0,0.0005,global
441,TCS=158/phase=2/status=Green Termination,TCS=158,0.0015961691939345571,0.0005201560468140442,0.4,0.5,4.0,0.0005,global
442,TCS=821/phase=5/status=Green Termination,TCS=821,0.0015961691939345571,0.0005201560468140442,0.2222222222222222,0.2857142857142857,4.0,0.0005,global
443,TCS=158/phase=6/status=Green Termination,TCS=158,0.0015961691939345571,0.0005201560468140442,0.4,0.5,4.0,0.0005,global
444,TCS=165/phase=5/status=Green Termination,TCS=165,0.0015961691939345571,0.0005201560468140442,0.3333333333333333,1.0,4.0,0.0005,global
445,TCS=174/phase=4/status=Green Termination,TCS=174,0.0015961691939345571,0.0005201560468140442,0.3333333333333333,0.5,4.0,0.0005,global
446,TCS=174/phase=8/status=Green Termination,TCS=174,0.0015961691939345571,0.0005201560468140442,0.3333333333333333,0.5,4.0,0.0005,global
447,TCS=829/phase=4/status=Green Termination,TCS=829,0.0015961691939345571,0.0005201560468140442,0.19047619047619047,0.2,4.0,0.0005,global
448,TCS=186/phase=3/status=Green Termination,TCS=186,0.0015961691939345571,0.0005201560468140442,0.26666666666666666,0.4444444444444444,4.0,0.0005,global
449,TCS=829/phase=8/status=Green Termination,TCS=829,0.0015961691939345571,0.0005201560468140442,0.19047619047619047,0.2,4.0,0.0005,global
450,TCS=191/phase=4/status=Green Termination,TCS=191,0.0015961691939345571,0.0005201560468140442,0.3333333333333333,0.5,4.0,0.0005,global
451,TCS=191/phase=8/status=Green Termination,TCS=191,0.0015961691939345571,0.0005201560468140442,0.3333333333333333,0.5,4.0,0.0005,global
452,TCS=832/phase=2/status=Green Termination,TCS=832,0.0015961691939345571,0.0005201560468140442,0.3333333333333333,0.5,4.0,0.0005,global
453,TCS=832/phase=6/status=Green Termination,TCS=832,0.0015961691939345571,0.0005201560468140442,0.3333333333333333,0.5,4.0,0.0005,global
454,TCS=192/phase=1/status=Green Termination,TCS=192,0.0015961691939345571,0.0005201560468140442,0.25,1.0,4.0,0.0005,global
455,TCS=217/phase=4/status=Green Termination,TCS=217,0.0015961691939345571,0.0005201560468140442,0.5,0.5,4.0,0.0005,global
456,TCS=834/phase=2/status=Green Termination,TCS=834,0.0015961691939345571,0.0005201560468140442,0.3333333333333333,0.5,4.0,0.0005,global
457,TCS=834/phase=6/status=Green Termination,TCS=834,0.0015961691939345571,0.0005201560468140442,0.3333333333333333,0.5,4.0,0.0005,global
458,TCS=217/phase=8/status=Green Termination,TCS=217,0.0015961691939345571,0.0005201560468140442,0.5,0.5,4.0,0.0005,global
459,TCS=219/phase=4/status=Green Termination,TCS=219,0.0015961691939345571,0.0005201560468140442,0.2857142857142857,0.5,4.0,0.0005,global
460,TCS=838/phase=4/status=Green Termination,TCS=838,0.0015961691939345571,0.0005201560468140442,0.2857142857142857,0.5,4.0,0.0005,global
461,TCS=838/phase=8/status=Green Termination,TCS=838,0.0015961691939345571,0.0005201560468140442,0.2857142857142857,0.5,4.0,0.0005,global
462,TCS=219/phase=8/status=Green Termination,TCS=219,0.0015961691939345571,0.0005201560468140442,0.2857142857142857,0.5,4.0,0.0005,global
463,TCS=845/phase=5/status=Green Termination,TCS=845,0.0015961691939345571,0.0005201560468140442,0.2222222222222222,0.25,4.0,0.0005,global
464,TCS=241/phase=4/status=Green Termination,TCS=241,0.0015961691939345571,0.0005201560468140442,0.26666666666666666,0.5,4.0,0.0005,global
465,TCS=850/phase=4/status=Green Termination,TCS=850,0.0015961691939345571,0.0005201560468140442,0.3333333333333333,0.5,4.0,0.0005,global
466,TCS=850/phase=8/status=Green Termination,TCS=850,0.0015961691939345571,0.0005201560468140442,0.3333333333333333,0.5,4.0,0.0005,global
467,TCS=241/phase=8/status=Green Termination,TCS=241,0.0015961691939345571,0.0005201560468140442,0.26666666666666666,0.5,4.0,0.0005,global
468,TCS=245/phase=4/status=Green Termination,TCS=245,0.0015961691939345571,0.0005201560468140442,0.3333333333333333,0.5,4.0,0.0005,global
469,TCS=245/phase=8/status=Green Termination,TCS=245,0.0015961691939345571,0.0005201560468140442,0.3333333333333333,0.5,4.0,0.0005,global
470,TCS=246/phase=2/status=Green Termination,TCS=246,0.0015961691939345571,0.0005201560468140442,0.4,0.5,4.0,0.0005,global
471,TCS=860/phase=4/status=Green Termination,TCS=860,0.0015961691939345571,0.0005201560468140442,0.3333333333333333,0.5,4.0,0.0005,global
472,TCS=860/phase=8/status=Green Termination,TCS=860,0.0015961691939345571,0.0005201560468140442,0.3333333333333333,0.5,4.0,0.0005,global
473,TCS=867/phase=2/status=Green Termination,TCS=867,0.0015961691939345571,0.0005201560468140442,0.25,0.25,4.0,0.0005,global
474,TCS=867/phase=4/status=Green Termination,TCS=867,0.0015961691939345571,0.0005201560468140442,0.25,0.25,4.0,0.0005,global
475,TCS=867/phase=6/status=Green Termination,TCS=867,0.0015961691939345571,0.0005201560468140442,0.25,0.25,4.0,0.0005,global
476,TCS=867/phase=8/status=Green Termination,TCS=867,0.0015961691939345571,0.0005201560468140442,0.25,0.25,4.0,0.0005,global
477,TCS=869/phase=2/status=Green Termination,TCS=869,0.0015961691939345571,0.0005201560468140442,0.25,0.5,4.0,0.0005,global
478,TCS=869/phase=6/status=Green Termination,TCS=869,0.0015961691939345571,0.0005201560468140442,0.25,0.5,4.0,0.0005,global
479,TCS=876/phase=4/status=Green Termination,TCS=876,0.0015961691939345571,0.0005201560468140442,0.4,0.5,4.0,0.0005,global
480,TCS=876/phase=8/status=Green Termination,TCS=876,0.0015961691939345571,0.0005201560468140442,0.4,0.5,4.0,0.0005,global
481,TCS=246/phase=6/status=Green Termination,TCS=246,0.0015961691939345571,0.0005201560468140442,0.4,0.5,4.0,0.0005,global
482,TCS=249/phase=1/status=Green Termination,TCS=249,0.0015961691939345571,0.0005201560468140442,0.4,1.0,4.0,0.0005,global
483,TCS=255/phase=7/status=Green Termination,TCS=255,0.0015961691939345571,0.0005201560468140442,0.25,0.2857142857142857,4.0,0.0005,global
484,TCS=257/phase=2/status=Green Termination,TCS=257,0.0015961691939345571,0.0005201560468140442,0.25,0.25,4.0,0.0005,global
485,TCS=257/phase=4/status=Green Termination,TCS=257,0.0015961691939345571,0.0005201560468140442,0.25,0.25,4.0,0.0005,global
486,TCS=257/phase=6/status=Green Termination,TCS=257,0.0015961691939345571,0.0005201560468140442,0.25,0.25,4.0,0.0005,global
487,TCS=891/phase=2/status=Green Termination,TCS=891,0.0015961691939345571,0.0005201560468140442,0.4,0.5,4.0,0.0005,global
488,TCS=891/phase=6/status=Green Termination,TCS=891,0.0015961691939345571,0.0005201560468140442,0.4,0.5,4.0,0.0005,global
489,TCS=895/phase=4/status=Green Termination,TCS=895,0.0015961691939345571,0.0005201560468140442,0.4444444444444444,0.5,4.0,0.0005,global
490,TCS=895/phase=8/status=Green Termination,TCS=895,0.0015961691939345571,0.0005201560468140442,0.4444444444444444,0.5,4.0,0.0005,global
491,TCS=257/phase=8/status=Green Termination,TCS=257,0.0015961691939345571,0.0005201560468140442,0.25,0.25,4.0,0.0005,global
492,TCS=260/phase=2/status=Green Termination,TCS=260,0.0015961691939345571,0.0005201560468140442,0.4,0.5,4.0,0.0005,global
493,TCS=260/phase=6/status=Green Termination,TCS=260,0.0015961691939345571,0.0005201560468140442,0.4,0.5,4.0,0.0005,global
494,TCS=261/phase=4/status=Green Termination,TCS=261,0.0015961691939345571,0.0005201560468140442,0.2857142857142857,0.5,4.0,0.0005,global
495,TCS=909/phase=2/status=Green Termination,TCS=909,0.0015961691939345571,0.0005201560468140442,0.4,0.5,4.0,0.0005,global
496,TCS=909/phase=6/status=Green Termination,TCS=909,0.0015961691939345571,0.0005201560468140442,0.4,0.5,4.0,0.0005,global
497,TCS=910/phase=4/status=Green Termination,TCS=910,0.0015961691939345571,0.0005201560468140442,0.4,0.5,4.0,0.0005,global
498,TCS=910/phase=8/status=Green Termination,TCS=910,0.0015961691939345571,0.0005201560468140442,0.4,0.5,4.0,0.0005,global
499,TCS=261/phase=8/status=Green Termination,TCS=261,0.0015961691939345571,0.0005201560468140442,0.2857142857142857,0.5,4.0,0.0005,global
500,TCS=264/phase=4/status=Green Termination,TCS=264,0.0015961691939345571,0.0005201560468140442,0.4444444444444444,0.5,4.0,0.0005,global
501,TCS=921/phase=4/status=Green Termination,TCS=921,0.0015961691939345571,0.0005201560468140442,0.3333333333333333,0.5,4.0,0.0005,global
502,TCS=921/phase=8/status=Green Termination,TCS=921,0.0015961691939345571,0.0005201560468140442,0.3333333333333333,0.5,4.0,0.0005,global
503,TCS=264/phase=8/status=Green Termination,TCS=264,0.0015961691939345571,0.0005201560468140442,0.4444444444444444,0.5,4.0,0.0005,global
504,TCS=268/phase=4/status=Green Termination,TCS=268,0.0015961691939345571,0.0005201560468140442,0.4444444444444444,0.5,4.0,0.0005,global
505,TCS=923/phase=4/status=Green Termination,TCS=923,0.0015961691939345571,0.0005201560468140442,0.3333333333333333,0.5,4.0,0.0005,global
506,TCS=923/phase=8/status=Green Termination,TCS=923,0.0015961691939345571,0.0005201560468140442,0.3333333333333333,0.5,4.0,0.0005,global
507,TCS=928/phase=4/status=Green Termination,TCS=928,0.0015961691939345571,0.0005201560468140442,0.4,0.5,4.0,0.0005,global
508,TCS=928/phase=8/status=Green Termination,TCS=928,0.0015961691939345571,0.0005201560468140442,0.4,0.5,4.0,0.0005,global
509,TCS=268/phase=8/status=Green Termination,TCS=268,0.0015961691939345571,0.0005201560468140442,0.4444444444444444,0.5,4.0,0.0005,global
510,TCS=274/phase=2/status=Green Termination,TCS=274,0.0015961691939345571,0.0005201560468140442,0.21052631578947367,0.3333333333333333,4.0,0.0005,global
511,TCS=939/phase=4/status=Green Termination,TCS=939,0.0015961691939345571,0.0005201560468140442,0.5,0.5,4.0,0.0005,global
512,TCS=939/phase=8/status=Green Termination,TCS=939,0.0015961691939345571,0.0005201560468140442,0.5,0.5,4.0,0.0005,global
513,TCS=274/phase=6/status=Green Termination,TCS=274,0.0015961691939345571,0.0005201560468140442,0.21052631578947367,0.3333333333333333,4.0,0.0005,global
514,TCS=274/phase=7/status=Green Termination,TCS=274,0.0015961691939345571,0.0005201560468140442,0.21052631578947367,0.3333333333333333,4.0,0.0005,global
515,TCS=3/phase=1/status=Green Termination,TCS=3,0.0015961691939345571,0.0005201560468140442,0.2,0.2222222222222222,4.0,0.0005,global
516,TCS=944/phase=6/status=Green Termination,TCS=944,0.0015961691939345571,0.0005201560468140442,0.3333333333333333,0.5,4.0,0.0005,global
517,TCS=948/phase=2/status=Green Termination,TCS=948,0.0015961691939345571,0.0005201560468140442,0.25,0.3333333333333333,4.0,0.0005,global
518,TCS=948/phase=6/status=Green Termination,TCS=948,0.0015961691939345571,0.0005201560468140442,0.25,0.3333333333333333,4.0,0.0005,global
519,TCS=948/phase=9/status=Green Termination,TCS=948,0.0015961691939345571,0.0005201560468140442,0.25,0.3333333333333333,4.0,0.0005,global
520,TCS=283/phase=2/status=Green Termination,TCS=283,0.0015961691939345571,0.0005201560468140442,0.3076923076923077,0.5,4.0,0.0005,global
521,TCS=283/phase=6/status=Green Termination,TCS=283,0.0015961691939345571,0.0005201560468140442,0.3076923076923077,0.5,4.0,0.0005,global
522,TCS=289/phase=4/status=Green Termination,TCS=289,0.0015961691939345571,0.0005201560468140442,0.4,0.5,4.0,0.0005,global
523,TCS=289/phase=8/status=Green Termination,TCS=289,0.0015961691939345571,0.0005201560468140442,0.4,0.5,4.0,0.0005,global
524,TCS=956/phase=2/status=Green Termination,TCS=956,0.0015961691939345571,0.0005201560468140442,0.5,0.5,4.0,0.0005,global
525,TCS=956/phase=6/status=Green Termination,TCS=956,0.0015961691939345571,0.0005201560468140442,0.5,0.5,4.0,0.0005,global
526,TCS=962/phase=2/status=Green Termination,TCS=962,0.0015961691939345571,0.0005201560468140442,0.5,0.5,4.0,0.0005,global
527,TCS=962/phase=6/status=Green Termination,TCS=962,0.0015961691939345571,0.0005201560468140442,0.5,0.5,4.0,0.0005,global
528,TCS=963/phase=2/status=Green Termination,TCS=963,0.0015961691939345571,0.0005201560468140442,0.36363636363636365,0.5,4.0,0.0005,global
529,TCS=963/phase=6/status=Green Termination,TCS=963,0.0015961691939345571,0.0005201560468140442,0.36363636363636365,0.5,4.0,0.0005,global
530,TCS=23/phase=2/status=Green Termination,TCS=23,0.0015961691939345571,0.0005201560468140442,0.2857142857142857,0.5,4.0,0.0005,global
531,TCS=944/phase=2/status=Green Termination,TCS=944,0.0015961691939345571,0.0005201560468140442,0.3333333333333333,0.5,4.0,0.0005,global
532,TCS=292/phase=4/status=Green Termination,TCS=292,0.0015961691939345571,0.0005201560468140442,0.5,0.5,4.0,0.0005,global
533,TCS=972/phase=4/status=Green Termination,TCS=972,0.0015961691939345571,0.0005201560468140442,0.2222222222222222,0.2222222222222222,4.0,0.0005,global
534,TCS=292/phase=8/status=Green Termination,TCS=292,0.0015961691939345571,0.0005201560468140442,0.5,0.5,4.0,0.0005,global
535,TCS=972/phase=8/status=Green Termination,TCS=972,0.0015961691939345571,0.0005201560468140442,0.2222222222222222,0.2222222222222222,4.0,0.0005,global
536,TCS=300/phase=7/status=Green Termination,TCS=300,0.0015961691939345571,0.0005201560468140442,0.4,1.0,4.0,0.0005,global
537,TCS=301/phase=4/status=Green Termination,TCS=301,0.0015961691939345571,0.0005201560468140442,0.26666666666666666,0.5,4.0,0.0005,global
538,TCS=978/phase=2/status=Green Termination,TCS=978,0.0015961691939345571,0.0005201560468140442,0.5,0.5,4.0,0.0005,global
539,TCS=978/phase=6/status=Green Termination,TCS=978,0.0015961691939345571,0.0005201560468140442,0.5,0.5,4.0,0.0005,global
540,TCS=982/phase=2/status=Green Termination,TCS=982,0.0015961691939345571,0.0005201560468140442,0.25,0.25,4.0,0.0005,global
541,TCS=982/phase=4/status=Green Termination,TCS=982,0.0015961691939345571,0.0005201560468140442,0.25,0.25,4.0,0.0005,global
542,TCS=982/phase=6/status=Green Termination,TCS=982,0.0015961691939345571,0.0005201560468140442,0.25,0.25,4.0,0.0005,global
543,TCS=982/phase=8/status=Green Termination,TCS=982,0.0015961691939345571,0.0005201560468140442,0.25,0.25,4.0,0.0005,global
544,TCS=997/phase=8/status=Green Termination,TCS=997,0.0015961691939345571,0.0005201560468140442,0.6666666666666666,1.0,4.0,0.0005,global
545,TCS=1000/phase=2/status=Green Termination,TCS=1000,0.0015961691939345571,0.0005201560468140442,0.3333333333333333,0.5,4.0,0.0005,global
546,TCS=964/phase=2/status=Green Termination,TCS=964,0.0015961691939345571,0.0005201560468140442,0.4,0.5,4.0,0.0005,global
